world_x; world_y; image_x; image_y;
0.1000; 0.1000; 1916.4512; 103.4835; 
0.1000; 0.2000; 1919.3679; 148.9108; 
0.1000; 0.3000; 1922.1531; 194.6866; 
0.1000; 0.4000; 1925.0669; 240.3254; 
0.1000; 0.5000; 1928.1605; 286.0313; 
0.1000; 0.6000; 1931.2205; 331.9178; 
0.1000; 0.7000; 1934.4900; 377.8065; 
0.1000; 0.8000; 1937.7865; 423.7388; 
0.1000; 0.9000; 1941.1892; 469.7455; 
0.1000; 1.0000; 1944.6687; 516.0390; 
0.1000; 1.1000; 1948.1367; 562.3760; 
0.1000; 1.2000; 1951.6157; 609.0092; 
0.1000; 1.3000; 1954.6995; 655.8580; 
0.1000; 1.4000; 1957.7850; 702.8740; 
0.1000; 1.5000; 1960.7865; 750.0233; 
0.1000; 1.6000; 1963.9326; 797.2539; 
0.1000; 1.7000; 1966.9281; 844.7025; 
0.1000; 1.8000; 1969.7894; 892.2104; 
0.1000; 1.9000; 1972.0024; 939.9597; 
0.1000; 2.0000; 1974.2948; 987.7391; 
0.1000; 2.1000; 1976.3596; 1035.5676; 
0.1000; 2.2000; 1978.5924; 1083.3944; 
0.1000; 2.3000; 1980.4558; 1131.1832; 
0.1000; 2.4000; 1981.9791; 1178.9714; 
0.1000; 2.5000; 1983.5139; 1226.7220; 
0.1000; 2.6000; 1985.3130; 1274.5349; 
0.1000; 2.7000; 1986.4843; 1322.1185; 
0.1000; 2.8000; 1987.8574; 1369.7307; 
0.1000; 2.9000; 1988.8816; 1417.0710; 
0.1000; 3.0000; 1989.9865; 1464.4904; 
0.1000; 3.1000; 1991.2827; 1511.8274; 
0.1000; 3.2000; 1992.1816; 1558.9268; 
0.1000; 3.3000; 1992.9747; 1605.8716; 
0.1000; 3.4000; 1993.9911; 1652.8140; 
0.1000; 3.5000; 1995.1978; 1699.8527; 
0.1000; 3.6000; 1995.8267; 1746.3186; 
0.1000; 3.7000; 1996.8429; 1792.9222; 
0.1000; 3.8000; 1998.0825; 1839.7820; 
0.1000; 3.9000; 1999.7926; 1886.8879; 
0.2000; 0.1000; 1870.8885; 104.0835; 
0.2000; 0.2000; 1873.7603; 149.5956; 
0.2000; 0.3000; 1876.7858; 195.1187; 
0.2000; 0.4000; 1879.7592; 240.8245; 
0.2000; 0.5000; 1882.9773; 286.3522; 
0.2000; 0.6000; 1886.1073; 332.2220; 
0.2000; 0.7000; 1889.5114; 378.0182; 
0.2000; 0.8000; 1892.9485; 423.9355; 
0.2000; 0.9000; 1896.4934; 469.9833; 
0.2000; 1.0000; 1900.0986; 516.1977; 
0.2000; 1.1000; 1903.6719; 562.7051; 
0.2000; 1.2000; 1907.0775; 609.3633; 
0.2000; 1.3000; 1910.2496; 656.3165; 
0.2000; 1.4000; 1913.2815; 703.4946; 
0.2000; 1.5000; 1916.2332; 750.8677; 
0.2000; 1.6000; 1919.5729; 798.1874; 
0.2000; 1.7000; 1922.5785; 845.7787; 
0.2000; 1.8000; 1925.0773; 893.5647; 
0.2000; 1.9000; 1927.7883; 941.3973; 
0.2000; 2.0000; 1929.8977; 989.3599; 
0.2000; 2.1000; 1931.9481; 1037.3535; 
0.2000; 2.2000; 1934.4661; 1085.3477; 
0.2000; 2.3000; 1936.1862; 1133.3528; 
0.2000; 2.4000; 1937.7448; 1181.3156; 
0.2000; 2.5000; 1939.1976; 1229.2584; 
0.2000; 2.6000; 1940.6708; 1277.1664; 
0.2000; 2.7000; 1942.2366; 1325.0140; 
0.2000; 2.8000; 1943.0737; 1372.6621; 
0.2000; 2.9000; 1944.2988; 1420.1686; 
0.2000; 3.0000; 1945.1536; 1467.6151; 
0.2000; 3.1000; 1946.2953; 1514.9963; 
0.2000; 3.2000; 1947.0916; 1562.1320; 
0.2000; 3.3000; 1947.7977; 1609.1206; 
0.2000; 3.4000; 1948.9316; 1656.1865; 
0.2000; 3.5000; 1949.5344; 1702.9177; 
0.2000; 3.6000; 1950.0500; 1749.3627; 
0.2000; 3.7000; 1950.8381; 1795.9225; 
0.2000; 3.8000; 1951.8497; 1842.5682; 
0.2000; 3.9000; 1953.1617; 1889.3547; 
0.3000; 0.1000; 1825.1830; 104.7816; 
0.3000; 0.2000; 1828.3745; 149.9226; 
0.3000; 0.3000; 1831.4556; 195.3707; 
0.3000; 0.4000; 1834.5872; 240.9370; 
0.3000; 0.5000; 1837.7164; 286.6833; 
0.3000; 0.6000; 1840.9205; 332.4350; 
0.3000; 0.7000; 1844.4899; 378.1147; 
0.3000; 0.8000; 1847.9633; 424.0266; 
0.3000; 0.9000; 1851.6691; 470.0535; 
0.3000; 1.0000; 1855.2792; 516.3795; 
0.3000; 1.1000; 1858.8649; 562.9555; 
0.3000; 1.2000; 1862.2640; 609.8257; 
0.3000; 1.3000; 1865.5225; 656.8697; 
0.3000; 1.4000; 1868.5522; 704.1676; 
0.3000; 1.5000; 1871.6381; 751.6351; 
0.3000; 1.6000; 1874.7634; 799.1606; 
0.3000; 1.7000; 1877.7372; 846.9091; 
0.3000; 1.8000; 1880.4844; 894.8331; 
0.3000; 1.9000; 1883.0950; 942.8615; 
0.3000; 2.0000; 1885.2875; 991.0283; 
0.3000; 2.1000; 1887.4053; 1039.1895; 
0.3000; 2.2000; 1889.5061; 1087.3645; 
0.3000; 2.3000; 1891.5847; 1135.6007; 
0.3000; 2.4000; 1893.0522; 1183.7246; 
0.3000; 2.5000; 1894.5604; 1231.8563; 
0.3000; 2.6000; 1895.9326; 1279.8831; 
0.3000; 2.7000; 1897.2247; 1327.8435; 
0.3000; 2.8000; 1898.1243; 1375.5989; 
0.3000; 2.9000; 1899.2826; 1423.2563; 
0.3000; 3.0000; 1900.4392; 1470.9143; 
0.3000; 3.1000; 1901.1260; 1518.2167; 
0.3000; 3.2000; 1901.9114; 1565.4865; 
0.3000; 3.3000; 1902.4204; 1612.4460; 
0.3000; 3.4000; 1903.1831; 1659.3832; 
0.3000; 3.5000; 1903.8297; 1706.1040; 
0.3000; 3.6000; 1904.2170; 1752.6378; 
0.3000; 3.7000; 1904.9741; 1799.0416; 
0.3000; 3.8000; 1905.7587; 1845.5455; 
0.3000; 3.9000; 1906.8422; 1892.1656; 
0.4000; 0.1000; 1779.6521; 105.1022; 
0.4000; 0.2000; 1783.0563; 149.9745; 
0.4000; 0.3000; 1786.1473; 195.3694; 
0.4000; 0.4000; 1789.2335; 241.0272; 
0.4000; 0.5000; 1792.3827; 286.7145; 
0.4000; 0.6000; 1795.6771; 332.4662; 
0.4000; 0.7000; 1799.2271; 378.2043; 
0.4000; 0.8000; 1802.8890; 424.0719; 
0.4000; 0.9000; 1806.6093; 470.1465; 
0.4000; 1.0000; 1810.1482; 516.6248; 
0.4000; 1.1000; 1813.7170; 563.2671; 
0.4000; 1.2000; 1817.1560; 610.1575; 
0.4000; 1.3000; 1820.4509; 657.3135; 
0.4000; 1.4000; 1823.5723; 704.7915; 
0.4000; 1.5000; 1826.6627; 752.3337; 
0.4000; 1.6000; 1829.6288; 800.1423; 
0.4000; 1.7000; 1832.7789; 847.9924; 
0.4000; 1.8000; 1835.6415; 896.0577; 
0.4000; 1.9000; 1838.0826; 944.3139; 
0.4000; 2.0000; 1840.4277; 992.6620; 
0.4000; 2.1000; 1842.6772; 1041.0055; 
0.4000; 2.2000; 1844.8138; 1089.3815; 
0.4000; 2.3000; 1846.6903; 1137.7982; 
0.4000; 2.4000; 1848.2611; 1186.1444; 
0.4000; 2.5000; 1849.6843; 1234.4178; 
0.4000; 2.6000; 1850.9282; 1282.6793; 
0.4000; 2.7000; 1852.0966; 1330.7410; 
0.4000; 2.8000; 1853.1149; 1378.6848; 
0.4000; 2.9000; 1854.0557; 1426.3723; 
0.4000; 3.0000; 1855.2408; 1474.1720; 
0.4000; 3.1000; 1856.0066; 1521.7224; 
0.4000; 3.2000; 1856.5564; 1568.8356; 
0.4000; 3.3000; 1856.9441; 1615.8491; 
0.4000; 3.4000; 1857.5463; 1662.7463; 
0.4000; 3.5000; 1857.9849; 1709.4904; 
0.4000; 3.6000; 1858.6604; 1756.0623; 
0.4000; 3.7000; 1859.0278; 1802.2766; 
0.4000; 3.8000; 1859.6475; 1848.6438; 
0.4000; 3.9000; 1860.5515; 1895.1198; 
0.5000; 0.1000; 1733.8157; 105.5454; 
0.5000; 0.2000; 1737.1490; 150.4531; 
0.5000; 0.3000; 1740.3488; 195.7862; 
0.5000; 0.4000; 1743.6025; 241.2526; 
0.5000; 0.5000; 1746.8927; 286.8567; 
0.5000; 0.6000; 1750.2058; 332.5986; 
0.5000; 0.7000; 1753.8391; 378.2496; 
0.5000; 0.8000; 1757.4265; 424.2033; 
0.5000; 0.9000; 1761.1837; 470.2480; 
0.5000; 1.0000; 1764.6520; 516.9187; 
0.5000; 1.1000; 1768.2922; 563.6131; 
0.5000; 1.2000; 1771.8429; 610.5963; 
0.5000; 1.3000; 1775.1378; 657.8331; 
0.5000; 1.4000; 1778.3304; 705.3278; 
0.5000; 1.5000; 1781.2195; 753.1805; 
0.5000; 1.6000; 1784.1683; 801.1132; 
0.5000; 1.7000; 1787.5540; 849.0625; 
0.5000; 1.8000; 1790.5488; 897.2670; 
0.5000; 1.9000; 1792.8202; 945.7822; 
0.5000; 2.0000; 1795.1703; 994.2969; 
0.5000; 2.1000; 1797.6897; 1042.8462; 
0.5000; 2.2000; 1799.5648; 1091.4653; 
0.5000; 2.3000; 1801.6776; 1140.0282; 
0.5000; 2.4000; 1803.0243; 1188.5927; 
0.5000; 2.5000; 1804.4235; 1237.0699; 
0.5000; 2.6000; 1805.7705; 1285.5089; 
0.5000; 2.7000; 1806.5398; 1333.5854; 
0.5000; 2.8000; 1807.8008; 1381.7482; 
0.5000; 2.9000; 1808.7565; 1429.6407; 
0.5000; 3.0000; 1810.0623; 1477.6288; 
0.5000; 3.1000; 1810.8130; 1525.1962; 
0.5000; 3.2000; 1811.0566; 1572.3711; 
0.5000; 3.3000; 1811.3328; 1619.3219; 
0.5000; 3.4000; 1811.7975; 1666.2208; 
0.5000; 3.5000; 1812.4813; 1713.1481; 
0.5000; 3.6000; 1812.6863; 1759.4749; 
0.5000; 3.7000; 1813.0563; 1805.7186; 
0.5000; 3.8000; 1813.6145; 1851.9670; 
0.5000; 3.9000; 1814.3132; 1898.2904; 
0.6000; 0.1000; 1687.9086; 106.0714; 
0.6000; 0.2000; 1691.1384; 150.9990; 
0.6000; 0.3000; 1694.3864; 196.2204; 
0.6000; 0.4000; 1697.5503; 241.7043; 
0.6000; 0.5000; 1700.9044; 287.2031; 
0.6000; 0.6000; 1704.3440; 332.8458; 
0.6000; 0.7000; 1707.9598; 378.6098; 
0.6000; 0.8000; 1711.6212; 424.4447; 
0.6000; 0.9000; 1715.2455; 470.6984; 
0.6000; 1.0000; 1718.9747; 517.1176; 
0.6000; 1.1000; 1722.6213; 563.9182; 
0.6000; 1.2000; 1726.1086; 610.9603; 
0.6000; 1.3000; 1729.3571; 658.3664; 
0.6000; 1.4000; 1732.7042; 705.9932; 
0.6000; 1.5000; 1735.6537; 753.9653; 
0.6000; 1.6000; 1738.7026; 801.9965; 
0.6000; 1.7000; 1741.7441; 850.2114; 
0.6000; 1.8000; 1744.6757; 898.6671; 
0.6000; 1.9000; 1747.0736; 947.2716; 
0.6000; 2.0000; 1749.6858; 995.9754; 
0.6000; 2.1000; 1752.1045; 1044.7457; 
0.6000; 2.2000; 1754.0698; 1093.5333; 
0.6000; 2.3000; 1756.0997; 1142.3181; 
0.6000; 2.4000; 1757.6838; 1191.0814; 
0.6000; 2.5000; 1758.8719; 1239.7856; 
0.6000; 2.6000; 1760.0171; 1288.2366; 
0.6000; 2.7000; 1760.9349; 1336.6282; 
0.6000; 2.8000; 1761.9580; 1384.8290; 
0.6000; 2.9000; 1763.0253; 1432.9172; 
0.6000; 3.0000; 1764.0137; 1480.8525; 
0.6000; 3.1000; 1764.8727; 1528.6293; 
0.6000; 3.2000; 1765.1429; 1575.8289; 
0.6000; 3.3000; 1765.5833; 1622.9518; 
0.6000; 3.4000; 1766.0040; 1669.8705; 
0.6000; 3.5000; 1766.3147; 1716.5137; 
0.6000; 3.6000; 1766.7296; 1762.9910; 
0.6000; 3.7000; 1766.9752; 1809.1825; 
0.6000; 3.8000; 1767.5723; 1855.4856; 
0.6000; 3.9000; 1768.1470; 1901.7590; 
0.7000; 0.1000; 1641.7094; 106.6858; 
0.7000; 0.2000; 1645.0692; 151.4464; 
0.7000; 0.3000; 1648.3964; 196.5202; 
0.7000; 0.4000; 1651.6486; 241.9580; 
0.7000; 0.5000; 1654.8927; 287.4241; 
0.7000; 0.6000; 1658.3048; 333.0920; 
0.7000; 0.7000; 1661.9425; 378.7736; 
0.7000; 0.8000; 1665.6162; 424.6537; 
0.7000; 0.9000; 1669.3602; 470.7768; 
0.7000; 1.0000; 1673.1339; 517.1992; 
0.7000; 1.1000; 1676.7793; 564.0493; 
0.7000; 1.2000; 1680.1847; 611.3208; 
0.7000; 1.3000; 1683.3995; 658.8735; 
0.7000; 1.4000; 1686.7583; 706.6126; 
0.7000; 1.5000; 1689.8848; 754.6528; 
0.7000; 1.6000; 1692.8297; 802.9294; 
0.7000; 1.7000; 1695.6129; 851.3637; 
0.7000; 1.8000; 1698.5149; 899.9877; 
0.7000; 1.9000; 1700.9800; 948.8088; 
0.7000; 2.0000; 1703.6337; 997.6842; 
0.7000; 2.1000; 1706.0331; 1046.6256; 
0.7000; 2.2000; 1708.1183; 1095.6597; 
0.7000; 2.3000; 1710.0579; 1144.6581; 
0.7000; 2.4000; 1711.7114; 1193.6234; 
0.7000; 2.5000; 1712.9388; 1242.3839; 
0.7000; 2.6000; 1714.1970; 1291.1508; 
0.7000; 2.7000; 1715.0837; 1339.6632; 
0.7000; 2.8000; 1715.9360; 1387.9465; 
0.7000; 2.9000; 1716.9396; 1436.1125; 
0.7000; 3.0000; 1718.0475; 1484.2418; 
0.7000; 3.1000; 1718.8514; 1532.0950; 
0.7000; 3.2000; 1719.0588; 1579.3462; 
0.7000; 3.3000; 1719.5563; 1626.6205; 
0.7000; 3.4000; 1719.8138; 1673.4910; 
0.7000; 3.5000; 1720.1228; 1720.0911; 
0.7000; 3.6000; 1720.4961; 1766.6295; 
0.7000; 3.7000; 1720.9209; 1812.8628; 
0.7000; 3.8000; 1721.4249; 1859.2056; 
0.7000; 3.9000; 1721.9932; 1905.2577; 
0.8000; 0.1000; 1595.3944; 107.4560; 
0.8000; 0.2000; 1598.8400; 151.9638; 
0.8000; 0.3000; 1602.1760; 196.8444; 
0.8000; 0.4000; 1605.4783; 242.1831; 
0.8000; 0.5000; 1608.7430; 287.5829; 
0.8000; 0.6000; 1612.2096; 333.1176; 
0.8000; 0.7000; 1615.8359; 378.8235; 
0.8000; 0.8000; 1619.5557; 424.6270; 
0.8000; 0.9000; 1623.2651; 470.8394; 
0.8000; 1.0000; 1626.9939; 517.3306; 
0.8000; 1.1000; 1630.5557; 564.3170; 
0.8000; 1.2000; 1633.9637; 611.7143; 
0.8000; 1.3000; 1637.0981; 659.3474; 
0.8000; 1.4000; 1640.3810; 707.2255; 
0.8000; 1.5000; 1643.6910; 755.2971; 
0.8000; 1.6000; 1646.5603; 803.8441; 
0.8000; 1.7000; 1649.2286; 852.5668; 
0.8000; 1.8000; 1652.1202; 901.2235; 
0.8000; 1.9000; 1654.4470; 950.3212; 
0.8000; 2.0000; 1657.0400; 999.3700; 
0.8000; 2.1000; 1659.4171; 1048.5121; 
0.8000; 2.2000; 1661.6108; 1097.7273; 
0.8000; 2.3000; 1663.3771; 1146.8938; 
0.8000; 2.4000; 1665.1088; 1196.0581; 
0.8000; 2.5000; 1666.4093; 1245.0509; 
0.8000; 2.6000; 1667.5948; 1293.9530; 
0.8000; 2.7000; 1668.7338; 1342.6859; 
0.8000; 2.8000; 1669.5391; 1391.0547; 
0.8000; 2.9000; 1670.5011; 1439.4010; 
0.8000; 3.0000; 1671.5190; 1487.6055; 
0.8000; 3.1000; 1672.3342; 1535.5842; 
0.8000; 3.2000; 1672.6183; 1582.9022; 
0.8000; 3.3000; 1673.0332; 1630.1632; 
0.8000; 3.4000; 1673.4097; 1677.0962; 
0.8000; 3.5000; 1673.7122; 1723.7693; 
0.8000; 3.6000; 1674.0846; 1770.2095; 
0.8000; 3.7000; 1674.4438; 1816.4852; 
0.8000; 3.8000; 1675.0829; 1862.8617; 
0.8000; 3.9000; 1675.6534; 1908.9020; 
0.9000; 0.1000; 1548.9054; 108.2547; 
0.9000; 0.2000; 1552.2823; 152.6662; 
0.9000; 0.3000; 1555.6787; 197.3954; 
0.9000; 0.4000; 1559.0692; 242.3836; 
0.9000; 0.5000; 1562.4274; 287.7012; 
0.9000; 0.6000; 1565.8859; 333.1725; 
0.9000; 0.7000; 1569.5531; 378.7762; 
0.9000; 0.8000; 1573.1876; 424.6563; 
0.9000; 0.9000; 1576.8511; 470.9462; 
0.9000; 1.0000; 1580.3325; 517.6495; 
0.9000; 1.1000; 1583.9589; 564.6370; 
0.9000; 1.2000; 1587.2289; 612.0944; 
0.9000; 1.3000; 1590.4432; 659.9156; 
0.9000; 1.4000; 1593.6703; 707.9374; 
0.9000; 1.5000; 1596.8564; 756.1689; 
0.9000; 1.6000; 1599.8201; 804.7997; 
0.9000; 1.7000; 1602.4731; 853.6799; 
0.9000; 1.8000; 1605.1616; 902.6705; 
0.9000; 1.9000; 1607.6205; 951.8742; 
0.9000; 2.0000; 1610.0696; 1001.1082; 
0.9000; 2.1000; 1612.3395; 1050.4276; 
0.9000; 2.2000; 1614.4327; 1099.8281; 
0.9000; 2.3000; 1616.2719; 1149.1572; 
0.9000; 2.4000; 1617.9652; 1198.5305; 
0.9000; 2.5000; 1619.2455; 1247.6334; 
0.9000; 2.6000; 1620.5315; 1296.7418; 
0.9000; 2.7000; 1621.6313; 1345.5363; 
0.9000; 2.8000; 1622.6050; 1394.1381; 
0.9000; 2.9000; 1623.5768; 1442.5903; 
0.9000; 3.0000; 1624.5157; 1490.8392; 
0.9000; 3.1000; 1625.2954; 1538.8822; 
0.9000; 3.2000; 1625.7947; 1586.4113; 
0.9000; 3.3000; 1626.2858; 1633.7437; 
0.9000; 3.4000; 1626.6201; 1680.6333; 
0.9000; 3.5000; 1626.9946; 1727.3142; 
0.9000; 3.6000; 1627.2687; 1773.7963; 
0.9000; 3.7000; 1627.8374; 1820.0560; 
0.9000; 3.8000; 1628.3088; 1866.3031; 
0.9000; 3.9000; 1628.8304; 1912.2120; 
1.0000; 0.1000; 1502.3472; 109.0259; 
1.0000; 0.2000; 1505.6829; 153.3818; 
1.0000; 0.3000; 1509.0297; 197.9665; 
1.0000; 0.4000; 1512.3829; 242.8360; 
1.0000; 0.5000; 1515.9252; 287.8371; 
1.0000; 0.6000; 1519.2845; 333.2547; 
1.0000; 0.7000; 1522.8057; 378.9864; 
1.0000; 0.8000; 1526.3336; 424.9258; 
1.0000; 0.9000; 1529.9259; 471.2566; 
1.0000; 1.0000; 1533.4497; 517.9635; 
1.0000; 1.1000; 1536.8844; 565.0888; 
1.0000; 1.2000; 1540.1567; 612.7006; 
1.0000; 1.3000; 1543.3016; 660.5656; 
1.0000; 1.4000; 1546.4899; 708.7107; 
1.0000; 1.5000; 1549.6188; 757.0649; 
1.0000; 1.6000; 1552.5885; 805.8205; 
1.0000; 1.7000; 1555.2358; 854.8710; 
1.0000; 1.8000; 1557.8654; 904.0546; 
1.0000; 1.9000; 1560.3121; 953.3784; 
1.0000; 2.0000; 1562.7231; 1002.8705; 
1.0000; 2.1000; 1564.9127; 1052.3534; 
1.0000; 2.2000; 1566.9530; 1101.9386; 
1.0000; 2.3000; 1568.8041; 1151.4187; 
1.0000; 2.4000; 1570.4584; 1200.9304; 
1.0000; 2.5000; 1571.8730; 1250.2255; 
1.0000; 2.6000; 1573.0590; 1299.3987; 
1.0000; 2.7000; 1574.1659; 1348.3700; 
1.0000; 2.8000; 1575.2629; 1397.1370; 
1.0000; 2.9000; 1576.2289; 1445.7538; 
1.0000; 3.0000; 1577.2100; 1494.0802; 
1.0000; 3.1000; 1578.0461; 1542.1832; 
1.0000; 3.2000; 1578.7686; 1589.9108; 
1.0000; 3.3000; 1579.2031; 1637.2290; 
1.0000; 3.4000; 1579.6290; 1684.1710; 
1.0000; 3.5000; 1579.9447; 1730.8657; 
1.0000; 3.6000; 1580.3163; 1777.2463; 
1.0000; 3.7000; 1580.8074; 1823.5443; 
1.0000; 3.8000; 1581.3248; 1869.7056; 
1.0000; 3.9000; 1581.6677; 1915.3245; 
1.1000; 0.1000; 1455.8590; 109.4710; 
1.1000; 0.2000; 1459.0258; 153.8431; 
1.1000; 0.3000; 1462.2306; 198.4874; 
1.1000; 0.4000; 1465.6523; 243.1705; 
1.1000; 0.5000; 1469.0698; 288.0828; 
1.1000; 0.6000; 1472.3810; 333.5643; 
1.1000; 0.7000; 1475.8634; 379.1942; 
1.1000; 0.8000; 1479.2439; 425.2280; 
1.1000; 0.9000; 1482.7670; 471.5383; 
1.1000; 1.0000; 1486.0992; 518.4299; 
1.1000; 1.1000; 1489.5322; 565.5461; 
1.1000; 1.2000; 1492.7946; 613.1847; 
1.1000; 1.3000; 1495.7799; 661.2448; 
1.1000; 1.4000; 1498.7725; 709.6720; 
1.1000; 1.5000; 1501.9255; 758.0668; 
1.1000; 1.6000; 1504.8081; 806.9857; 
1.1000; 1.7000; 1507.5607; 856.0940; 
1.1000; 1.8000; 1510.0045; 905.4588; 
1.1000; 1.9000; 1512.6569; 954.9767; 
1.1000; 2.0000; 1514.9261; 1004.6435; 
1.1000; 2.1000; 1517.0447; 1054.2841; 
1.1000; 2.2000; 1519.1283; 1104.0597; 
1.1000; 2.3000; 1520.9146; 1153.7499; 
1.1000; 2.4000; 1522.6031; 1203.3445; 
1.1000; 2.5000; 1523.9971; 1252.8899; 
1.1000; 2.6000; 1525.2648; 1302.1713; 
1.1000; 2.7000; 1526.3160; 1351.1965; 
1.1000; 2.8000; 1527.5699; 1400.1554; 
1.1000; 2.9000; 1528.5430; 1448.7751; 
1.1000; 3.0000; 1529.6016; 1497.2797; 
1.1000; 3.1000; 1530.6500; 1545.6276; 
1.1000; 3.2000; 1531.2473; 1593.3236; 
1.1000; 3.3000; 1531.8910; 1640.7861; 
1.1000; 3.4000; 1532.1772; 1687.6499; 
1.1000; 3.5000; 1532.5918; 1734.1990; 
1.1000; 3.6000; 1533.0706; 1780.7749; 
1.1000; 3.7000; 1533.7012; 1827.0028; 
1.1000; 3.8000; 1534.1653; 1873.0477; 
1.1000; 3.9000; 1534.4868; 1918.4020; 
1.2000; 0.1000; 1409.1963; 109.9875; 
1.2000; 0.2000; 1412.2378; 154.3391; 
1.2000; 0.3000; 1415.4126; 198.8788; 
1.2000; 0.4000; 1418.7675; 243.3994; 
1.2000; 0.5000; 1422.0426; 288.2760; 
1.2000; 0.6000; 1425.3192; 333.7144; 
1.2000; 0.7000; 1428.6292; 379.4752; 
1.2000; 0.8000; 1431.9171; 425.5434; 
1.2000; 0.9000; 1435.2339; 472.0012; 
1.2000; 1.0000; 1438.6233; 518.8654; 
1.2000; 1.1000; 1441.8696; 566.0907; 
1.2000; 1.2000; 1445.0167; 613.8586; 
1.2000; 1.3000; 1447.9114; 662.0307; 
1.2000; 1.4000; 1450.8512; 710.4680; 
1.2000; 1.5000; 1453.8250; 759.1208; 
1.2000; 1.6000; 1456.6494; 808.1690; 
1.2000; 1.7000; 1459.3827; 857.4052; 
1.2000; 1.8000; 1461.8794; 906.9312; 
1.2000; 1.9000; 1464.4459; 956.6093; 
1.2000; 2.0000; 1466.7540; 1006.3812; 
1.2000; 2.1000; 1468.8303; 1056.2625; 
1.2000; 2.2000; 1470.8691; 1106.1461; 
1.2000; 2.3000; 1472.6980; 1156.0083; 
1.2000; 2.4000; 1474.3329; 1205.8068; 
1.2000; 2.5000; 1475.7974; 1255.4526; 
1.2000; 2.6000; 1477.0789; 1304.8911; 
1.2000; 2.7000; 1478.2500; 1354.0848; 
1.2000; 2.8000; 1479.3804; 1403.0575; 
1.2000; 2.9000; 1480.5787; 1451.8765; 
1.2000; 3.0000; 1481.6428; 1500.4343; 
1.2000; 3.1000; 1482.6842; 1548.8096; 
1.2000; 3.2000; 1483.5842; 1596.7450; 
1.2000; 3.3000; 1484.1401; 1644.1385; 
1.2000; 3.4000; 1484.6833; 1691.0811; 
1.2000; 3.5000; 1485.0771; 1737.7363; 
1.2000; 3.6000; 1485.7194; 1784.1677; 
1.2000; 3.7000; 1486.2181; 1830.4548; 
1.2000; 3.8000; 1486.8053; 1876.2823; 
1.2000; 3.9000; 1487.1155; 1921.6437; 
1.3000; 0.1000; 1362.2749; 110.7998; 
1.3000; 0.2000; 1365.2987; 154.9057; 
1.3000; 0.3000; 1368.3704; 199.3085; 
1.3000; 0.4000; 1371.5288; 243.9501; 
1.3000; 0.5000; 1374.7749; 288.7430; 
1.3000; 0.6000; 1377.9124; 334.1065; 
1.3000; 0.7000; 1381.0978; 379.8334; 
1.3000; 0.8000; 1384.2559; 425.9744; 
1.3000; 0.9000; 1387.4622; 472.5114; 
1.3000; 1.0000; 1390.7031; 519.3551; 
1.3000; 1.1000; 1393.8899; 566.7166; 
1.3000; 1.2000; 1396.8782; 614.5139; 
1.3000; 1.3000; 1399.7321; 662.8665; 
1.3000; 1.4000; 1402.5713; 711.3969; 
1.3000; 1.5000; 1405.3439; 760.2253; 
1.3000; 1.6000; 1408.1705; 809.3123; 
1.3000; 1.7000; 1410.8092; 858.8198; 
1.3000; 1.8000; 1413.2627; 908.3880; 
1.3000; 1.9000; 1415.8571; 958.1764; 
1.3000; 2.0000; 1418.1466; 1008.1754; 
1.3000; 2.1000; 1420.2106; 1058.2097; 
1.3000; 2.2000; 1422.1902; 1108.2397; 
1.3000; 2.3000; 1424.0156; 1158.2250; 
1.3000; 2.4000; 1425.7047; 1208.1661; 
1.3000; 2.5000; 1427.1791; 1257.9601; 
1.3000; 2.6000; 1428.4974; 1307.5118; 
1.3000; 2.7000; 1429.7841; 1356.8136; 
1.3000; 2.8000; 1430.9379; 1405.8888; 
1.3000; 2.9000; 1432.1564; 1454.8232; 
1.3000; 3.0000; 1433.4557; 1503.6399; 
1.3000; 3.1000; 1434.5599; 1552.0009; 
1.3000; 3.2000; 1435.4119; 1600.0414; 
1.3000; 3.3000; 1436.1570; 1647.4463; 
1.3000; 3.4000; 1436.6833; 1694.3832; 
1.3000; 3.5000; 1437.2717; 1741.0074; 
1.3000; 3.6000; 1437.9443; 1787.5396; 
1.3000; 3.7000; 1438.6543; 1833.7065; 
1.3000; 3.8000; 1439.2107; 1879.5736; 
1.3000; 3.9000; 1439.7338; 1924.7540; 
1.4000; 0.1000; 1315.2369; 111.6679; 
1.4000; 0.2000; 1318.1133; 155.6802; 
1.4000; 0.3000; 1321.1005; 199.9424; 
1.4000; 0.4000; 1324.1132; 244.4947; 
1.4000; 0.5000; 1327.1553; 289.3551; 
1.4000; 0.6000; 1330.2278; 334.5706; 
1.4000; 0.7000; 1333.2865; 380.3134; 
1.4000; 0.8000; 1336.3068; 426.5317; 
1.4000; 0.9000; 1339.3171; 473.1355; 
1.4000; 1.0000; 1342.5306; 519.9501; 
1.4000; 1.1000; 1345.4712; 567.4296; 
1.4000; 1.2000; 1348.4669; 615.2599; 
1.4000; 1.3000; 1351.1101; 663.7538; 
1.4000; 1.4000; 1353.9556; 712.3430; 
1.4000; 1.5000; 1356.5654; 761.4175; 
1.4000; 1.6000; 1359.3196; 810.6065; 
1.4000; 1.7000; 1361.8370; 860.1904; 
1.4000; 1.8000; 1364.3202; 909.9398; 
1.4000; 1.9000; 1366.8488; 959.8677; 
1.4000; 2.0000; 1369.1362; 1009.9742; 
1.4000; 2.1000; 1371.1400; 1060.1514; 
1.4000; 2.2000; 1373.1565; 1110.3353; 
1.4000; 2.3000; 1374.9313; 1160.5022; 
1.4000; 2.4000; 1376.6564; 1210.5637; 
1.4000; 2.5000; 1378.2219; 1260.4902; 
1.4000; 2.6000; 1379.6068; 1310.0796; 
1.4000; 2.7000; 1380.9338; 1359.5427; 
1.4000; 2.8000; 1382.1151; 1408.6516; 
1.4000; 2.9000; 1383.3940; 1457.6547; 
1.4000; 3.0000; 1384.8564; 1506.6505; 
1.4000; 3.1000; 1386.0033; 1555.1582; 
1.4000; 3.2000; 1387.0443; 1603.1913; 
1.4000; 3.3000; 1387.8477; 1650.7043; 
1.4000; 3.4000; 1388.4586; 1697.4698; 
1.4000; 3.5000; 1389.1742; 1744.2047; 
1.4000; 3.6000; 1389.9786; 1790.7228; 
1.4000; 3.7000; 1390.7566; 1836.8711; 
1.4000; 3.8000; 1391.4109; 1882.6063; 
1.4000; 3.9000; 1392.0173; 1927.8812; 
1.5000; 0.1000; 1268.0380; 112.9362; 
1.5000; 0.2000; 1270.8259; 156.7163; 
1.5000; 0.3000; 1273.6567; 200.8888; 
1.5000; 0.4000; 1276.5449; 245.3436; 
1.5000; 0.5000; 1279.3705; 290.1949; 
1.5000; 0.6000; 1282.2766; 335.4596; 
1.5000; 0.7000; 1285.2151; 381.0452; 
1.5000; 0.8000; 1288.0687; 427.3450; 
1.5000; 0.9000; 1291.0009; 473.9345; 
1.5000; 1.0000; 1293.9891; 520.7317; 
1.5000; 1.1000; 1296.8673; 568.2900; 
1.5000; 1.2000; 1299.7379; 616.1268; 
1.5000; 1.3000; 1302.2804; 664.7227; 
1.5000; 1.4000; 1305.0031; 713.3862; 
1.5000; 1.5000; 1307.5299; 762.6609; 
1.5000; 1.6000; 1310.1362; 811.9434; 
1.5000; 1.7000; 1312.5724; 861.6997; 
1.5000; 1.8000; 1314.9906; 911.5818; 
1.5000; 1.9000; 1317.3390; 961.6445; 
1.5000; 2.0000; 1319.7539; 1011.8089; 
1.5000; 2.1000; 1321.7233; 1062.1075; 
1.5000; 2.2000; 1323.7405; 1112.4010; 
1.5000; 2.3000; 1325.5194; 1162.6769; 
1.5000; 2.4000; 1327.2222; 1212.8606; 
1.5000; 2.5000; 1328.9032; 1262.9001; 
1.5000; 2.6000; 1330.2886; 1312.6594; 
1.5000; 2.7000; 1331.7773; 1362.1152; 
1.5000; 2.8000; 1333.0533; 1411.4067; 
1.5000; 2.9000; 1334.4033; 1460.4371; 
1.5000; 3.0000; 1335.8232; 1509.4614; 
1.5000; 3.1000; 1337.0743; 1557.9675; 
1.5000; 3.2000; 1338.2446; 1606.1848; 
1.5000; 3.3000; 1339.2100; 1653.7286; 
1.5000; 3.4000; 1339.9741; 1700.5651; 
1.5000; 3.5000; 1340.8906; 1747.2891; 
1.5000; 3.6000; 1341.7773; 1793.7405; 
1.5000; 3.7000; 1342.6868; 1839.8667; 
1.5000; 3.8000; 1343.4340; 1885.4417; 
1.5000; 3.9000; 1344.2268; 1930.7908; 
1.6000; 0.1000; 1220.7573; 114.2978; 
1.6000; 0.2000; 1223.3396; 157.9407; 
1.6000; 0.3000; 1226.0620; 202.0235; 
1.6000; 0.4000; 1228.7719; 246.4389; 
1.6000; 0.5000; 1231.3535; 291.3076; 
1.6000; 0.6000; 1234.1249; 336.6068; 
1.6000; 0.7000; 1236.8990; 382.1843; 
1.6000; 0.8000; 1239.6685; 428.3231; 
1.6000; 0.9000; 1242.3596; 474.8915; 
1.6000; 1.0000; 1245.1870; 521.7766; 
1.6000; 1.1000; 1247.9259; 569.2851; 
1.6000; 1.2000; 1250.6785; 617.1645; 
1.6000; 1.3000; 1253.1750; 665.7573; 
1.6000; 1.4000; 1255.7764; 714.6440; 
1.6000; 1.5000; 1258.1503; 763.9201; 
1.6000; 1.6000; 1260.6569; 813.3491; 
1.6000; 1.7000; 1262.9923; 863.1854; 
1.6000; 1.8000; 1265.2789; 913.1635; 
1.6000; 1.9000; 1267.6509; 963.3344; 
1.6000; 2.0000; 1269.9512; 1013.7111; 
1.6000; 2.1000; 1271.9664; 1064.0667; 
1.6000; 2.2000; 1273.9601; 1114.5405; 
1.6000; 2.3000; 1275.8052; 1164.8519; 
1.6000; 2.4000; 1277.5759; 1215.0857; 
1.6000; 2.5000; 1279.2228; 1265.1899; 
1.6000; 2.6000; 1280.8376; 1315.0868; 
1.6000; 2.7000; 1282.2783; 1364.7397; 
1.6000; 2.8000; 1283.7649; 1414.0684; 
1.6000; 2.9000; 1285.1185; 1463.1614; 
1.6000; 3.0000; 1286.6027; 1512.0718; 
1.6000; 3.1000; 1287.9399; 1560.7144; 
1.6000; 3.2000; 1289.1776; 1608.8623; 
1.6000; 3.3000; 1290.2870; 1656.5367; 
1.6000; 3.4000; 1291.2919; 1703.4471; 
1.6000; 3.5000; 1292.3091; 1750.1957; 
1.6000; 3.6000; 1293.3346; 1796.6616; 
1.6000; 3.7000; 1294.3398; 1842.7224; 
1.6000; 3.8000; 1295.2986; 1888.2618; 
1.6000; 3.9000; 1296.2125; 1933.5133; 
1.7000; 0.1000; 1173.4037; 115.6152; 
1.7000; 0.2000; 1175.8624; 159.1790; 
1.7000; 0.3000; 1178.2913; 203.2876; 
1.7000; 0.4000; 1180.8280; 247.9174; 
1.7000; 0.5000; 1183.2904; 292.6961; 
1.7000; 0.6000; 1185.8777; 337.8504; 
1.7000; 0.7000; 1188.4088; 383.3947; 
1.7000; 0.8000; 1191.0149; 429.3877; 
1.7000; 0.9000; 1193.6542; 475.9290; 
1.7000; 1.0000; 1196.1735; 522.9765; 
1.7000; 1.1000; 1198.7954; 570.4591; 
1.7000; 1.2000; 1201.3552; 618.3132; 
1.7000; 1.3000; 1203.8466; 666.9036; 
1.7000; 1.4000; 1206.1769; 715.9075; 
1.7000; 1.5000; 1208.5588; 765.2979; 
1.7000; 1.6000; 1210.8854; 814.9387; 
1.7000; 1.7000; 1213.1394; 864.8295; 
1.7000; 1.8000; 1215.3612; 914.8907; 
1.7000; 1.9000; 1217.6836; 965.1385; 
1.7000; 2.0000; 1219.8865; 1015.5844; 
1.7000; 2.1000; 1221.9534; 1066.0240; 
1.7000; 2.2000; 1223.9019; 1116.5742; 
1.7000; 2.3000; 1225.7993; 1166.9725; 
1.7000; 2.4000; 1227.5852; 1217.3000; 
1.7000; 2.5000; 1229.3055; 1267.5494; 
1.7000; 2.6000; 1230.9863; 1317.5331; 
1.7000; 2.7000; 1232.6066; 1367.1676; 
1.7000; 2.8000; 1234.0867; 1416.5900; 
1.7000; 2.9000; 1235.6514; 1465.7285; 
1.7000; 3.0000; 1237.1329; 1514.7263; 
1.7000; 3.1000; 1238.5581; 1563.2046; 
1.7000; 3.2000; 1239.9592; 1611.4646; 
1.7000; 3.3000; 1241.2014; 1659.1064; 
1.7000; 3.4000; 1242.3773; 1706.1859; 
1.7000; 3.5000; 1243.6548; 1752.9895; 
1.7000; 3.6000; 1244.7455; 1799.2927; 
1.7000; 3.7000; 1245.9092; 1845.2988; 
1.7000; 3.8000; 1247.0255; 1890.9111; 
1.7000; 3.9000; 1248.1205; 1936.0342; 
1.8000; 0.1000; 1126.0291; 116.9709; 
1.8000; 0.2000; 1128.2563; 160.6196; 
1.8000; 0.3000; 1130.5281; 204.7140; 
1.8000; 0.4000; 1132.8416; 249.2215; 
1.8000; 0.5000; 1135.1177; 294.1150; 
1.8000; 0.6000; 1137.4346; 339.2600; 
1.8000; 0.7000; 1139.8556; 384.8054; 
1.8000; 0.8000; 1142.2124; 430.8045; 
1.8000; 0.9000; 1144.6102; 477.4413; 
1.8000; 1.0000; 1147.0095; 524.3636; 
1.8000; 1.1000; 1149.4193; 571.8007; 
1.8000; 1.2000; 1151.8848; 619.6299; 
1.8000; 1.3000; 1154.1594; 668.2448; 
1.8000; 1.4000; 1156.4436; 717.2855; 
1.8000; 1.5000; 1158.6951; 766.8205; 
1.8000; 1.6000; 1160.9263; 816.4925; 
1.8000; 1.7000; 1163.0713; 866.5616; 
1.8000; 1.8000; 1165.2115; 916.7157; 
1.8000; 1.9000; 1167.4071; 967.0018; 
1.8000; 2.0000; 1169.6038; 1017.4216; 
1.8000; 2.1000; 1171.6698; 1068.0099; 
1.8000; 2.2000; 1173.6781; 1118.6250; 
1.8000; 2.3000; 1175.5419; 1169.0881; 
1.8000; 2.4000; 1177.3928; 1219.5100; 
1.8000; 2.5000; 1179.1809; 1269.7827; 
1.8000; 2.6000; 1180.9285; 1319.7781; 
1.8000; 2.7000; 1182.6378; 1369.5800; 
1.8000; 2.8000; 1184.2296; 1418.9646; 
1.8000; 2.9000; 1185.8845; 1468.1442; 
1.8000; 3.0000; 1187.4532; 1517.1053; 
1.8000; 3.1000; 1189.0609; 1565.9027; 
1.8000; 3.2000; 1190.5992; 1613.8958; 
1.8000; 3.3000; 1191.9906; 1661.6355; 
1.8000; 3.4000; 1193.3412; 1708.7471; 
1.8000; 3.5000; 1194.7241; 1755.5457; 
1.8000; 3.6000; 1196.0200; 1801.8611; 
1.8000; 3.7000; 1197.3093; 1847.8556; 
1.8000; 3.8000; 1198.6465; 1893.3560; 
1.8000; 3.9000; 1199.8453; 1938.3966; 
1.9000; 0.1000; 1078.5906; 118.3492; 
1.9000; 0.2000; 1080.6134; 162.0417; 
1.9000; 0.3000; 1082.6926; 206.1483; 
1.9000; 0.4000; 1084.7722; 250.7530; 
1.9000; 0.5000; 1086.8423; 295.6297; 
1.9000; 0.6000; 1088.9783; 340.8130; 
1.9000; 0.7000; 1091.1333; 386.2924; 
1.9000; 0.8000; 1093.3070; 432.3553; 
1.9000; 0.9000; 1095.5670; 478.9456; 
1.9000; 1.0000; 1097.7402; 525.9637; 
1.9000; 1.1000; 1099.9480; 573.3482; 
1.9000; 1.2000; 1102.1563; 621.2126; 
1.9000; 1.3000; 1104.3275; 669.8531; 
1.9000; 1.4000; 1106.5337; 718.9716; 
1.9000; 1.5000; 1108.6349; 768.4840; 
1.9000; 1.6000; 1110.7510; 818.2577; 
1.9000; 1.7000; 1112.8751; 868.2583; 
1.9000; 1.8000; 1114.9437; 918.4599; 
1.9000; 1.9000; 1117.0573; 968.8774; 
1.9000; 2.0000; 1119.1573; 1019.3050; 
1.9000; 2.1000; 1121.2040; 1069.9747; 
1.9000; 2.2000; 1123.1735; 1120.6615; 
1.9000; 2.3000; 1125.1038; 1171.1583; 
1.9000; 2.4000; 1127.0118; 1221.6499; 
1.9000; 2.5000; 1128.8926; 1271.9430; 
1.9000; 2.6000; 1130.7119; 1321.9794; 
1.9000; 2.7000; 1132.5253; 1371.7831; 
1.9000; 2.8000; 1134.1880; 1421.2161; 
1.9000; 2.9000; 1135.9636; 1470.4594; 
1.9000; 3.0000; 1137.6578; 1519.3503; 
1.9000; 3.1000; 1139.3035; 1567.9884; 
1.9000; 3.2000; 1140.9854; 1616.2091; 
1.9000; 3.3000; 1142.6370; 1663.9391; 
1.9000; 3.4000; 1144.1143; 1711.0953; 
1.9000; 3.5000; 1145.6735; 1757.7842; 
1.9000; 3.6000; 1147.1541; 1804.1382; 
1.9000; 3.7000; 1148.6398; 1850.0465; 
1.9000; 3.8000; 1150.0830; 1895.6899; 
1.9000; 3.9000; 1151.5934; 1940.7275; 
2.0000; 0.1000; 1031.1022; 119.7836; 
2.0000; 0.2000; 1032.9030; 163.4962; 
2.0000; 0.3000; 1034.8136; 207.7664; 
2.0000; 0.4000; 1036.6978; 252.1780; 
2.0000; 0.5000; 1038.5940; 297.1334; 
2.0000; 0.6000; 1040.4758; 342.4593; 
2.0000; 0.7000; 1042.3917; 387.9828; 
2.0000; 0.8000; 1044.3716; 434.0408; 
2.0000; 0.9000; 1046.3485; 480.6559; 
2.0000; 1.0000; 1048.3630; 527.5751; 
2.0000; 1.1000; 1050.3259; 575.0861; 
2.0000; 1.2000; 1052.3988; 623.0485; 
2.0000; 1.3000; 1054.3955; 671.6010; 
2.0000; 1.4000; 1056.4142; 720.7899; 
2.0000; 1.5000; 1058.4271; 770.2767; 
2.0000; 1.6000; 1060.4614; 820.0891; 
2.0000; 1.7000; 1062.5195; 870.1536; 
2.0000; 1.8000; 1064.5182; 920.3497; 
2.0000; 1.9000; 1066.6000; 970.8040; 
2.0000; 2.0000; 1068.6267; 1021.2929; 
2.0000; 2.1000; 1070.6440; 1071.9589; 
2.0000; 2.2000; 1072.6630; 1122.6602; 
2.0000; 2.3000; 1074.6061; 1173.1772; 
2.0000; 2.4000; 1076.5836; 1223.7107; 
2.0000; 2.5000; 1078.4366; 1274.0536; 
2.0000; 2.6000; 1080.3529; 1324.2272; 
2.0000; 2.7000; 1082.2373; 1373.9847; 
2.0000; 2.8000; 1084.1270; 1423.4086; 
2.0000; 2.9000; 1085.9581; 1472.6416; 
2.0000; 3.0000; 1087.7596; 1521.4265; 
2.0000; 3.1000; 1089.5833; 1569.9934; 
2.0000; 3.2000; 1091.3857; 1618.2935; 
2.0000; 3.3000; 1093.1154; 1666.0223; 
2.0000; 3.4000; 1094.8434; 1713.2172; 
2.0000; 3.5000; 1096.5863; 1759.9515; 
2.0000; 3.6000; 1098.2693; 1806.3458; 
2.0000; 3.7000; 1099.8993; 1852.2177; 
2.0000; 3.8000; 1101.5958; 1897.8132; 
2.0000; 3.9000; 1103.1553; 1942.8865; 
2.1000; 0.1000; 983.5793; 121.3093; 
2.1000; 0.2000; 985.1897; 165.0695; 
2.1000; 0.3000; 986.8701; 209.2548; 
2.1000; 0.4000; 988.5270; 253.8533; 
2.1000; 0.5000; 990.2274; 298.8718; 
2.1000; 0.6000; 991.9357; 344.2007; 
2.1000; 0.7000; 993.6737; 389.8255; 
2.1000; 0.8000; 995.4009; 435.9072; 
2.1000; 0.9000; 997.1788; 482.2599; 
2.1000; 1.0000; 998.9601; 529.4484; 
2.1000; 1.1000; 1000.8005; 576.9515; 
2.1000; 1.2000; 1002.6580; 625.0304; 
2.1000; 1.3000; 1004.4716; 673.5046; 
2.1000; 1.4000; 1006.3126; 722.7846; 
2.1000; 1.5000; 1008.2538; 772.1676; 
2.1000; 1.6000; 1010.1946; 822.0381; 
2.1000; 1.7000; 1012.1285; 872.1567; 
2.1000; 1.8000; 1014.0682; 922.3322; 
2.1000; 1.9000; 1016.0627; 972.7925; 
2.1000; 2.0000; 1018.0399; 1023.2850; 
2.1000; 2.1000; 1020.0067; 1073.9187; 
2.1000; 2.2000; 1021.9802; 1124.6532; 
2.1000; 2.3000; 1023.9951; 1175.1873; 
2.1000; 2.4000; 1026.0085; 1225.7430; 
2.1000; 2.5000; 1027.9922; 1276.0372; 
2.1000; 2.6000; 1029.9720; 1326.2748; 
2.1000; 2.7000; 1031.9657; 1376.0522; 
2.1000; 2.8000; 1033.9482; 1425.4286; 
2.1000; 2.9000; 1035.9276; 1474.6130; 
2.1000; 3.0000; 1037.8584; 1523.6615; 
2.1000; 3.1000; 1039.8179; 1571.9495; 
2.1000; 3.2000; 1041.7300; 1620.2500; 
2.1000; 3.3000; 1043.6461; 1667.9817; 
2.1000; 3.4000; 1045.5613; 1715.2682; 
2.1000; 3.5000; 1047.4127; 1761.8951; 
2.1000; 3.6000; 1049.2655; 1808.3326; 
2.1000; 3.7000; 1051.1555; 1854.1373; 
2.1000; 3.8000; 1052.9625; 1899.7728; 
2.1000; 3.9000; 1054.8290; 1944.9681; 
2.2000; 0.1000; 936.0629; 123.0628; 
2.2000; 0.2000; 937.5089; 166.9220; 
2.2000; 0.3000; 938.9452; 211.1824; 
2.2000; 0.4000; 940.4628; 255.8881; 
2.2000; 0.5000; 941.9307; 300.8843; 
2.2000; 0.6000; 943.4014; 346.2784; 
2.2000; 0.7000; 944.9364; 391.8914; 
2.2000; 0.8000; 946.4471; 437.9513; 
2.2000; 0.9000; 948.0375; 484.4943; 
2.2000; 1.0000; 949.6031; 531.5995; 
2.2000; 1.1000; 951.1723; 579.0481; 
2.2000; 1.2000; 952.8925; 627.1352; 
2.2000; 1.3000; 954.5082; 675.5640; 
2.2000; 1.4000; 956.2736; 724.7120; 
2.2000; 1.5000; 958.0938; 774.2384; 
2.2000; 1.6000; 959.9473; 824.0552; 
2.2000; 1.7000; 961.8083; 874.1810; 
2.2000; 1.8000; 963.6959; 924.3668; 
2.2000; 1.9000; 965.5732; 974.8048; 
2.2000; 2.0000; 967.4440; 1025.2803; 
2.2000; 2.1000; 969.3523; 1075.9326; 
2.2000; 2.2000; 971.3668; 1126.6134; 
2.2000; 2.3000; 973.3852; 1177.1393; 
2.2000; 2.4000; 975.4590; 1227.6414; 
2.2000; 2.5000; 977.5370; 1277.9934; 
2.2000; 2.6000; 979.6364; 1328.0814; 
2.2000; 2.7000; 981.6778; 1377.9049; 
2.2000; 2.8000; 983.7747; 1427.2756; 
2.2000; 2.9000; 985.8522; 1476.5223; 
2.2000; 3.0000; 987.9340; 1525.2913; 
2.2000; 3.1000; 989.9661; 1573.9852; 
2.2000; 3.2000; 992.0711; 1622.0253; 
2.2000; 3.3000; 994.1208; 1669.8131; 
2.2000; 3.4000; 996.2103; 1717.0250; 
2.2000; 3.5000; 998.2810; 1763.7419; 
2.2000; 3.6000; 1000.3192; 1810.0765; 
2.2000; 3.7000; 1002.3326; 1855.9633; 
2.2000; 3.8000; 1004.4045; 1901.4528; 
2.2000; 3.9000; 1006.3693; 1946.7354; 
2.3000; 0.1000; 888.5710; 125.0728; 
2.3000; 0.2000; 889.7803; 168.8831; 
2.3000; 0.3000; 891.0545; 213.2361; 
2.3000; 0.4000; 892.3438; 258.0565; 
2.3000; 0.5000; 893.6981; 303.0836; 
2.3000; 0.6000; 894.9653; 348.3967; 
2.3000; 0.7000; 896.2565; 394.1613; 
2.3000; 0.8000; 897.6207; 440.2026; 
2.3000; 0.9000; 898.9599; 486.7744; 
2.3000; 1.0000; 900.2651; 533.8078; 
2.3000; 1.1000; 901.7327; 581.2734; 
2.3000; 1.2000; 903.2007; 629.3871; 
2.3000; 1.3000; 904.7553; 677.9696; 
2.3000; 1.4000; 906.2900; 726.9721; 
2.3000; 1.5000; 908.0049; 776.3835; 
2.3000; 1.6000; 909.7518; 826.1613; 
2.3000; 1.7000; 911.4801; 876.2004; 
2.3000; 1.8000; 913.2770; 926.4113; 
2.3000; 1.9000; 915.1197; 976.8300; 
2.3000; 2.0000; 916.9818; 1027.2740; 
2.3000; 2.1000; 918.9148; 1077.8947; 
2.3000; 2.2000; 920.8906; 1128.5426; 
2.3000; 2.3000; 922.9319; 1179.0590; 
2.3000; 2.4000; 924.9987; 1229.5415; 
2.3000; 2.5000; 927.1019; 1279.8401; 
2.3000; 2.6000; 929.2072; 1329.9348; 
2.3000; 2.7000; 931.4160; 1379.6909; 
2.3000; 2.8000; 933.6755; 1429.0591; 
2.3000; 2.9000; 935.8793; 1478.1897; 
2.3000; 3.0000; 938.0584; 1526.9333; 
2.3000; 3.1000; 940.2816; 1575.4508; 
2.3000; 3.2000; 942.4752; 1623.6464; 
2.3000; 3.3000; 944.7290; 1671.3000; 
2.3000; 3.4000; 946.9414; 1718.6591; 
2.3000; 3.5000; 949.2131; 1765.2644; 
2.3000; 3.6000; 951.3942; 1811.6768; 
2.3000; 3.7000; 953.6723; 1857.4740; 
2.3000; 3.8000; 955.8658; 1903.0331; 
2.3000; 3.9000; 958.0807; 1948.2281; 
2.4000; 0.1000; 841.1179; 127.2808; 
2.4000; 0.2000; 842.1262; 171.0641; 
2.4000; 0.3000; 843.2075; 215.3716; 
2.4000; 0.4000; 844.2885; 260.1012; 
2.4000; 0.5000; 845.4219; 305.2085; 
2.4000; 0.6000; 846.5900; 350.7717; 
2.4000; 0.7000; 847.7380; 396.5262; 
2.4000; 0.8000; 848.8817; 442.6587; 
2.4000; 0.9000; 849.9413; 489.0562; 
2.4000; 1.0000; 851.1193; 536.1432; 
2.4000; 1.1000; 852.3320; 583.6592; 
2.4000; 1.2000; 853.6711; 631.7427; 
2.4000; 1.3000; 855.0302; 680.3005; 
2.4000; 1.4000; 856.4379; 729.1311; 
2.4000; 1.5000; 858.0013; 778.5445; 
2.4000; 1.6000; 859.6807; 828.3285; 
2.4000; 1.7000; 861.2416; 878.2349; 
2.4000; 1.8000; 863.0508; 928.4500; 
2.4000; 1.9000; 864.8445; 978.8660; 
2.4000; 2.0000; 866.6601; 1029.2977; 
2.4000; 2.1000; 868.4720; 1079.8528; 
2.4000; 2.2000; 870.5470; 1130.3535; 
2.4000; 2.3000; 872.6077; 1180.8710; 
2.4000; 2.4000; 874.7047; 1231.2495; 
2.4000; 2.5000; 876.8275; 1281.5540; 
2.4000; 2.6000; 879.0940; 1331.5731; 
2.4000; 2.7000; 881.2863; 1381.3718; 
2.4000; 2.8000; 883.7245; 1430.6494; 
2.4000; 2.9000; 885.9366; 1479.8887; 
2.4000; 3.0000; 888.3821; 1528.3556; 
2.4000; 3.1000; 890.7358; 1576.8068; 
2.4000; 3.2000; 893.0135; 1625.0892; 
2.4000; 3.3000; 895.3793; 1672.6880; 
2.4000; 3.4000; 897.7986; 1720.0824; 
2.4000; 3.5000; 900.2097; 1766.5624; 
2.4000; 3.6000; 902.6208; 1813.0603; 
2.4000; 3.7000; 905.0159; 1858.7894; 
2.4000; 3.8000; 907.3745; 1904.3823; 
2.4000; 3.9000; 909.7642; 1949.7698; 
2.5000; 0.1000; 793.6862; 129.3025; 
2.5000; 0.2000; 794.5259; 173.2578; 
2.5000; 0.3000; 795.3972; 217.5888; 
2.5000; 0.4000; 796.3404; 262.3576; 
2.5000; 0.5000; 797.2795; 307.5353; 
2.5000; 0.6000; 798.2395; 353.0853; 
2.5000; 0.7000; 799.2017; 398.9708; 
2.5000; 0.8000; 800.1646; 445.0983; 
2.5000; 0.9000; 801.0921; 491.5336; 
2.5000; 1.0000; 802.0536; 538.5238; 
2.5000; 1.1000; 803.0759; 586.0722; 
2.5000; 1.2000; 804.2241; 634.1325; 
2.5000; 1.3000; 805.4841; 682.6556; 
2.5000; 1.4000; 806.7582; 731.4661; 
2.5000; 1.5000; 808.1815; 780.8640; 
2.5000; 1.6000; 809.7230; 830.5018; 
2.5000; 1.7000; 811.2664; 880.3894; 
2.5000; 1.8000; 812.9225; 930.5112; 
2.5000; 1.9000; 814.7384; 980.8544; 
2.5000; 2.0000; 816.4560; 1031.2435; 
2.5000; 2.1000; 818.3000; 1081.7144; 
2.5000; 2.2000; 820.2836; 1132.1415; 
2.5000; 2.3000; 822.4314; 1182.5674; 
2.5000; 2.4000; 824.5029; 1232.9569; 
2.5000; 2.5000; 826.7505; 1283.0780; 
2.5000; 2.6000; 829.0096; 1333.0856; 
2.5000; 2.7000; 831.3259; 1382.8015; 
2.5000; 2.8000; 833.8281; 1432.0500; 
2.5000; 2.9000; 836.1936; 1481.1567; 
2.5000; 3.0000; 838.6839; 1529.9631; 
2.5000; 3.1000; 841.2022; 1578.1077; 
2.5000; 3.2000; 843.6704; 1626.2654; 
2.5000; 3.3000; 846.2034; 1673.8280; 
2.5000; 3.4000; 848.7153; 1721.1165; 
2.5000; 3.5000; 851.3199; 1767.7314; 
2.5000; 3.6000; 853.8829; 1814.1099; 
2.5000; 3.7000; 856.4452; 1859.8500; 
2.5000; 3.8000; 859.0004; 1905.5287; 
2.5000; 3.9000; 861.5046; 1950.9009; 
2.6000; 0.1000; 746.3024; 131.4362; 
2.6000; 0.2000; 747.0059; 175.3348; 
2.6000; 0.3000; 747.7398; 219.8383; 
2.6000; 0.4000; 748.4960; 264.7385; 
2.6000; 0.5000; 749.2485; 309.8584; 
2.6000; 0.6000; 750.1105; 355.5146; 
2.6000; 0.7000; 750.9211; 401.4663; 
2.6000; 0.8000; 751.7431; 447.7259; 
2.6000; 0.9000; 752.4211; 494.2096; 
2.6000; 1.0000; 753.1865; 541.1008; 
2.6000; 1.1000; 754.1194; 588.6771; 
2.6000; 1.2000; 755.0678; 636.6830; 
2.6000; 1.3000; 756.1396; 685.0494; 
2.6000; 1.4000; 757.3007; 733.9031; 
2.6000; 1.5000; 758.6461; 783.1290; 
2.6000; 1.6000; 760.0179; 832.7142; 
2.6000; 1.7000; 761.5020; 882.5617; 
2.6000; 1.8000; 763.1176; 932.6242; 
2.6000; 1.9000; 764.8262; 982.8331; 
2.6000; 2.0000; 766.5225; 1033.1133; 
2.6000; 2.1000; 768.3715; 1083.5159; 
2.6000; 2.2000; 770.3935; 1133.8793; 
2.6000; 2.3000; 772.4395; 1184.1536; 
2.6000; 2.4000; 774.6641; 1234.4464; 
2.6000; 2.5000; 776.9200; 1284.5673; 
2.6000; 2.6000; 779.2332; 1334.4601; 
2.6000; 2.7000; 781.6916; 1384.0377; 
2.6000; 2.8000; 784.1517; 1433.3062; 
2.6000; 2.9000; 786.7174; 1482.2925; 
2.6000; 3.0000; 789.2557; 1530.9789; 
2.6000; 3.1000; 791.8846; 1579.2781; 
2.6000; 3.2000; 794.5667; 1627.1918; 
2.6000; 3.3000; 797.1920; 1674.7858; 
2.6000; 3.4000; 799.9215; 1721.9548; 
2.6000; 3.5000; 802.6232; 1768.6669; 
2.6000; 3.6000; 805.3272; 1814.9207; 
2.6000; 3.7000; 808.0711; 1860.7524; 
2.6000; 3.8000; 810.7725; 1906.3700; 
2.6000; 3.9000; 813.3979; 1951.7137; 
2.7000; 0.1000; 699.0667; 133.6508; 
2.7000; 0.2000; 699.6218; 177.7978; 
2.7000; 0.3000; 700.1075; 222.1983; 
2.7000; 0.4000; 700.7904; 267.0840; 
2.7000; 0.5000; 701.3800; 312.3480; 
2.7000; 0.6000; 702.0975; 358.0772; 
2.7000; 0.7000; 702.8304; 404.1299; 
2.7000; 0.8000; 703.4896; 450.4863; 
2.7000; 0.9000; 704.0941; 497.0249; 
2.7000; 1.0000; 704.7045; 543.8800; 
2.7000; 1.1000; 705.3287; 591.2631; 
2.7000; 1.2000; 706.1634; 639.2063; 
2.7000; 1.3000; 707.0895; 687.5240; 
2.7000; 1.4000; 708.1261; 736.2944; 
2.7000; 1.5000; 709.3071; 785.4799; 
2.7000; 1.6000; 710.6225; 834.9360; 
2.7000; 1.7000; 712.0462; 884.7357; 
2.7000; 1.8000; 713.6194; 934.6701; 
2.7000; 1.9000; 715.1762; 984.7816; 
2.7000; 2.0000; 716.9379; 1034.9683; 
2.7000; 2.1000; 718.7695; 1085.2047; 
2.7000; 2.2000; 720.7371; 1135.4775; 
2.7000; 2.3000; 722.8557; 1185.7515; 
2.7000; 2.4000; 725.0427; 1235.8621; 
2.7000; 2.5000; 727.3369; 1285.8527; 
2.7000; 2.6000; 729.6749; 1335.7115; 
2.7000; 2.7000; 732.2089; 1385.1128; 
2.7000; 2.8000; 734.8110; 1434.3643; 
2.7000; 2.9000; 737.4365; 1483.2523; 
2.7000; 3.0000; 740.0285; 1531.9991; 
2.7000; 3.1000; 742.8726; 1580.0979; 
2.7000; 3.2000; 745.6535; 1628.0042; 
2.7000; 3.3000; 748.4832; 1675.4183; 
2.7000; 3.4000; 751.2098; 1722.6904; 
2.7000; 3.5000; 754.1324; 1769.1912; 
2.7000; 3.6000; 756.9720; 1815.5688; 
2.7000; 3.7000; 759.8934; 1861.2952; 
2.7000; 3.8000; 762.7166; 1907.0535; 
2.7000; 3.9000; 765.4828; 1952.3210; 
2.8000; 0.1000; 652.0409; 136.3081; 
2.8000; 0.2000; 652.2832; 180.2005; 
2.8000; 0.3000; 652.7944; 224.8391; 
2.8000; 0.4000; 653.2747; 269.8438; 
2.8000; 0.5000; 653.8537; 315.1931; 
2.8000; 0.6000; 654.3607; 360.9803; 
2.8000; 0.7000; 654.9619; 407.0034; 
2.8000; 0.8000; 655.5265; 453.3615; 
2.8000; 0.9000; 655.9645; 499.9411; 
2.8000; 1.0000; 656.3918; 546.8051; 
2.8000; 1.1000; 656.9133; 594.0951; 
2.8000; 1.2000; 657.5362; 641.9329; 
2.8000; 1.3000; 658.2853; 690.1422; 
2.8000; 1.4000; 659.2711; 738.8844; 
2.8000; 1.5000; 660.2964; 787.9034; 
2.8000; 1.6000; 661.5215; 837.2726; 
2.8000; 1.7000; 662.9110; 886.9534; 
2.8000; 1.8000; 664.3660; 936.7858; 
2.8000; 1.9000; 665.9263; 986.7581; 
2.8000; 2.0000; 667.5966; 1036.8326; 
2.8000; 2.1000; 669.3841; 1086.9598; 
2.8000; 2.2000; 671.4160; 1137.1252; 
2.8000; 2.3000; 673.5358; 1187.2003; 
2.8000; 2.4000; 675.8750; 1237.1720; 
2.8000; 2.5000; 678.1921; 1287.0313; 
2.8000; 2.6000; 680.6056; 1336.7605; 
2.8000; 2.7000; 683.1030; 1386.1666; 
2.8000; 2.8000; 685.7618; 1435.3000; 
2.8000; 2.9000; 688.4277; 1484.1414; 
2.8000; 3.0000; 691.2870; 1532.6497; 
2.8000; 3.1000; 694.0069; 1580.9281; 
2.8000; 3.2000; 697.0243; 1628.6321; 
2.8000; 3.3000; 699.9181; 1676.0356; 
2.8000; 3.4000; 702.8682; 1723.1183; 
2.8000; 3.5000; 705.8470; 1769.8264; 
2.8000; 3.6000; 708.8622; 1816.0391; 
2.8000; 3.7000; 711.8441; 1861.8928; 
2.8000; 3.8000; 714.8484; 1907.6132; 
2.8000; 3.9000; 717.7165; 1953.0216; 
2.9000; 0.1000; 605.0533; 139.0295; 
2.9000; 0.2000; 605.3370; 183.2331; 
2.9000; 0.3000; 605.6794; 227.8453; 
2.9000; 0.4000; 606.1088; 272.9929; 
2.9000; 0.5000; 606.4992; 318.3214; 
2.9000; 0.6000; 606.9535; 364.0118; 
2.9000; 0.7000; 607.3693; 410.0744; 
2.9000; 0.8000; 607.8291; 456.3660; 
2.9000; 0.9000; 608.1152; 502.9182; 
2.9000; 1.0000; 608.4064; 549.7511; 
2.9000; 1.1000; 608.8087; 597.0078; 
2.9000; 1.2000; 609.2843; 644.7582; 
2.9000; 1.3000; 609.9323; 692.9208; 
2.9000; 1.4000; 610.7420; 741.4822; 
2.9000; 1.5000; 611.7680; 790.4611; 
2.9000; 1.6000; 612.8624; 839.7122; 
2.9000; 1.7000; 614.1382; 889.2048; 
2.9000; 1.8000; 615.5335; 938.9198; 
2.9000; 1.9000; 617.0236; 988.7585; 
2.9000; 2.0000; 618.6875; 1038.7244; 
2.9000; 2.1000; 620.4628; 1088.7417; 
2.9000; 2.2000; 622.4858; 1138.7559; 
2.9000; 2.3000; 624.7329; 1188.6912; 
2.9000; 2.4000; 627.0255; 1238.5476; 
2.9000; 2.5000; 629.4573; 1288.1516; 
2.9000; 2.6000; 631.9201; 1337.7448; 
2.9000; 2.7000; 634.4140; 1387.0673; 
2.9000; 2.8000; 637.0590; 1436.1331; 
2.9000; 2.9000; 639.8282; 1484.9368; 
2.9000; 3.0000; 642.7160; 1533.3156; 
2.9000; 3.1000; 645.6918; 1581.3328; 
2.9000; 3.2000; 648.6938; 1629.0850; 
2.9000; 3.3000; 651.7154; 1676.5175; 
2.9000; 3.4000; 654.7495; 1723.5179; 
2.9000; 3.5000; 657.8481; 1770.1322; 
2.9000; 3.6000; 660.9797; 1816.3220; 
2.9000; 3.7000; 664.0593; 1862.2086; 
2.9000; 3.8000; 667.0867; 1907.9889; 
2.9000; 3.9000; 670.1036; 1953.5988; 
3.0000; 0.1000; 558.3343; 142.0092; 
3.0000; 0.2000; 558.5619; 186.2862; 
3.0000; 0.3000; 558.8538; 231.0537; 
3.0000; 0.4000; 559.2491; 276.3509; 
3.0000; 0.5000; 559.6043; 321.7980; 
3.0000; 0.6000; 559.8361; 367.2508; 
3.0000; 0.7000; 560.1234; 413.2921; 
3.0000; 0.8000; 560.3826; 459.5163; 
3.0000; 0.9000; 560.6342; 506.0183; 
3.0000; 1.0000; 560.7885; 552.8466; 
3.0000; 1.1000; 560.9830; 600.0479; 
3.0000; 1.2000; 561.4127; 647.7537; 
3.0000; 1.3000; 561.8271; 695.7297; 
3.0000; 1.4000; 562.7306; 744.2695; 
3.0000; 1.5000; 563.5542; 793.0837; 
3.0000; 1.6000; 564.6818; 842.2397; 
3.0000; 1.7000; 565.8527; 891.6198; 
3.0000; 1.8000; 567.0391; 941.0826; 
3.0000; 1.9000; 568.5391; 990.8190; 
3.0000; 2.0000; 570.2125; 1040.6145; 
3.0000; 2.1000; 571.9943; 1090.4454; 
3.0000; 2.2000; 573.9594; 1140.2939; 
3.0000; 2.3000; 576.2025; 1190.0765; 
3.0000; 2.4000; 578.6139; 1239.7896; 
3.0000; 2.5000; 581.0426; 1289.2686; 
3.0000; 2.6000; 583.6323; 1338.6633; 
3.0000; 2.7000; 586.0234; 1387.9800; 
3.0000; 2.8000; 588.7675; 1436.8926; 
3.0000; 2.9000; 591.3674; 1485.6719; 
3.0000; 3.0000; 594.3903; 1533.9694; 
3.0000; 3.1000; 597.4526; 1581.9108; 
3.0000; 3.2000; 600.6645; 1629.4155; 
3.0000; 3.3000; 603.7294; 1676.8920; 
3.0000; 3.4000; 606.8914; 1723.7924; 
3.0000; 3.5000; 610.0850; 1770.3000; 
3.0000; 3.6000; 613.2783; 1816.6396; 
3.0000; 3.7000; 616.4745; 1862.4927; 
3.0000; 3.8000; 619.6360; 1908.3138; 
3.0000; 3.9000; 622.5870; 1954.0723; 
3.1000; 0.1000; 511.7780; 144.8387; 
3.1000; 0.2000; 511.9380; 189.3015; 
3.1000; 0.3000; 512.2264; 234.3985; 
3.1000; 0.4000; 512.7734; 279.9637; 
3.1000; 0.5000; 512.8408; 325.0453; 
3.1000; 0.6000; 512.9224; 370.5520; 
3.1000; 0.7000; 513.2009; 416.6075; 
3.1000; 0.8000; 513.2693; 462.7518; 
3.1000; 0.9000; 513.3455; 509.2050; 
3.1000; 1.0000; 513.4469; 555.9948; 
3.1000; 1.1000; 513.6531; 603.1246; 
3.1000; 1.2000; 513.8879; 650.7532; 
3.1000; 1.3000; 514.1486; 698.5280; 
3.1000; 1.4000; 515.0737; 747.1357; 
3.1000; 1.5000; 515.8498; 795.7986; 
3.1000; 1.6000; 516.8698; 844.8217; 
3.1000; 1.7000; 517.9709; 893.9696; 
3.1000; 1.8000; 518.9256; 943.2353; 
3.1000; 1.9000; 520.5489; 992.8671; 
3.1000; 2.0000; 522.2356; 1042.5405; 
3.1000; 2.1000; 524.0189; 1092.1757; 
3.1000; 2.2000; 525.9081; 1141.9170; 
3.1000; 2.3000; 528.1653; 1191.5326; 
3.1000; 2.4000; 530.5318; 1241.0262; 
3.1000; 2.5000; 533.0862; 1290.3519; 
3.1000; 2.6000; 535.6854; 1339.6053; 
3.1000; 2.7000; 537.9542; 1388.8365; 
3.1000; 2.8000; 540.8200; 1437.5693; 
3.1000; 2.9000; 543.5964; 1486.1545; 
3.1000; 3.0000; 546.2132; 1534.7612; 
3.1000; 3.1000; 549.4828; 1582.5239; 
3.1000; 3.2000; 552.9529; 1629.7814; 
3.1000; 3.3000; 556.0637; 1677.0449; 
3.1000; 3.4000; 559.1891; 1724.1172; 
3.1000; 3.5000; 562.7574; 1770.3193; 
3.1000; 3.6000; 565.8904; 1816.8542; 
3.1000; 3.7000; 569.1972; 1862.6761; 
3.1000; 3.8000; 572.3362; 1908.5494; 
3.1000; 3.9000; 575.4453; 1954.3060; 
3.2000; 0.1000; 465.1804; 147.5760; 
3.2000; 0.2000; 465.3962; 192.4111; 
3.2000; 0.3000; 465.8809; 237.7024; 
3.2000; 0.4000; 466.2144; 283.1574; 
3.2000; 0.5000; 466.2887; 328.4609; 
3.2000; 0.6000; 466.2587; 373.9330; 
3.2000; 0.7000; 466.3735; 419.8521; 
3.2000; 0.8000; 466.3528; 465.9150; 
3.2000; 0.9000; 466.3903; 512.3692; 
3.2000; 1.0000; 466.3727; 559.1224; 
3.2000; 1.1000; 466.5999; 606.3452; 
3.2000; 1.2000; 466.8150; 653.8333; 
3.2000; 1.3000; 466.9633; 701.5049; 
3.2000; 1.4000; 467.8416; 749.9699; 
3.2000; 1.5000; 468.4906; 798.4824; 
3.2000; 1.6000; 469.5162; 847.3578; 
3.2000; 1.7000; 470.4500; 896.3436; 
3.2000; 1.8000; 471.4622; 945.5342; 
3.2000; 1.9000; 472.9868; 994.9484; 
3.2000; 2.0000; 474.7589; 1044.3866; 
3.2000; 2.1000; 476.4789; 1093.8767; 
3.2000; 2.2000; 478.2765; 1143.4208; 
3.2000; 2.3000; 480.5950; 1192.8177; 
3.2000; 2.4000; 482.9685; 1242.1509; 
3.2000; 2.5000; 485.5789; 1291.3735; 
3.2000; 2.6000; 487.9067; 1340.5656; 
3.2000; 2.7000; 490.5630; 1389.4368; 
3.2000; 2.8000; 493.2147; 1438.1564; 
3.2000; 2.9000; 496.0590; 1486.6818; 
3.2000; 3.0000; 498.9941; 1534.9005; 
3.2000; 3.1000; 502.0076; 1582.8264; 
3.2000; 3.2000; 505.4705; 1630.0287; 
3.2000; 3.3000; 508.7274; 1677.2686; 
3.2000; 3.4000; 511.9580; 1724.1492; 
3.2000; 3.5000; 515.3913; 1770.6294; 
3.2000; 3.6000; 518.8314; 1816.8206; 
3.2000; 3.7000; 522.0678; 1862.8287; 
3.2000; 3.8000; 525.2969; 1908.6952; 
3.2000; 3.9000; 528.4286; 1954.4244; 
3.3000; 0.1000; 418.8938; 150.5857; 
3.3000; 0.2000; 419.1132; 195.4602; 
3.3000; 0.3000; 419.4663; 240.7768; 
3.3000; 0.4000; 419.8866; 286.3545; 
3.3000; 0.5000; 419.8062; 331.5719; 
3.3000; 0.6000; 419.9266; 377.2542; 
3.3000; 0.7000; 419.8715; 423.0828; 
3.3000; 0.8000; 419.7471; 469.0750; 
3.3000; 0.9000; 419.6637; 515.5391; 
3.3000; 1.0000; 419.8023; 562.3669; 
3.3000; 1.1000; 419.9646; 609.5334; 
3.3000; 1.2000; 420.1857; 657.0055; 
3.3000; 1.3000; 420.6045; 704.7897; 
3.3000; 1.4000; 420.6316; 752.6734; 
3.3000; 1.5000; 421.4379; 801.1450; 
3.3000; 1.6000; 422.4997; 849.9367; 
3.3000; 1.7000; 423.3469; 898.7501; 
3.3000; 1.8000; 424.5878; 947.8118; 
3.3000; 1.9000; 425.9469; 996.9561; 
3.3000; 2.0000; 427.6721; 1046.2678; 
3.3000; 2.1000; 429.4681; 1095.5798; 
3.3000; 2.2000; 431.1083; 1144.9128; 
3.3000; 2.3000; 433.6517; 1194.0901; 
3.3000; 2.4000; 435.9393; 1243.2628; 
3.3000; 2.5000; 438.3953; 1292.3060; 
3.3000; 2.6000; 440.9429; 1341.2549; 
3.3000; 2.7000; 443.2518; 1390.1592; 
3.3000; 2.8000; 446.0830; 1438.7532; 
3.3000; 2.9000; 448.9317; 1487.0459; 
3.3000; 3.0000; 451.7255; 1535.2955; 
3.3000; 3.1000; 455.2078; 1582.7898; 
3.3000; 3.2000; 458.3954; 1630.1945; 
3.3000; 3.3000; 461.7926; 1677.2771; 
3.3000; 3.4000; 465.0286; 1724.1868; 
3.3000; 3.5000; 468.6189; 1770.4698; 
3.3000; 3.6000; 471.9370; 1816.8384; 
3.3000; 3.7000; 475.2016; 1862.8613; 
3.3000; 3.8000; 478.5093; 1908.7266; 
3.3000; 3.9000; 481.6582; 1954.5618; 
3.4000; 0.1000; 372.9620; 153.8677; 
3.4000; 0.2000; 373.0135; 198.6637; 
3.4000; 0.3000; 373.2395; 243.9183; 
3.4000; 0.4000; 373.6882; 289.5243; 
3.4000; 0.5000; 373.7813; 334.9782; 
3.4000; 0.6000; 373.7573; 380.6092; 
3.4000; 0.7000; 373.6196; 426.3847; 
3.4000; 0.8000; 373.3463; 472.3167; 
3.4000; 0.9000; 373.2663; 518.7852; 
3.4000; 1.0000; 373.2439; 565.4385; 
3.4000; 1.1000; 373.7034; 612.8116; 
3.4000; 1.2000; 374.0243; 660.2100; 
3.4000; 1.3000; 374.2461; 707.8762; 
3.4000; 1.4000; 374.6558; 755.7899; 
3.4000; 1.5000; 374.8097; 803.8800; 
3.4000; 1.6000; 376.0047; 852.4856; 
3.4000; 1.7000; 376.7438; 901.1274; 
3.4000; 1.8000; 378.0658; 950.0214; 
3.4000; 1.9000; 379.3126; 999.0462; 
3.4000; 2.0000; 381.1478; 1048.0837; 
3.4000; 2.1000; 382.8842; 1097.2201; 
3.4000; 2.2000; 384.5336; 1146.3268; 
3.4000; 2.3000; 387.1541; 1195.2993; 
3.4000; 2.4000; 389.3688; 1244.3123; 
3.4000; 2.5000; 391.7807; 1293.2001; 
3.4000; 2.6000; 393.8843; 1342.1406; 
3.4000; 2.7000; 396.7433; 1390.6824; 
3.4000; 2.8000; 399.3547; 1439.1311; 
3.4000; 2.9000; 402.1392; 1487.3674; 
3.4000; 3.0000; 405.1273; 1535.4343; 
3.4000; 3.1000; 408.0490; 1583.2062; 
3.4000; 3.2000; 411.7953; 1630.1785; 
3.4000; 3.3000; 415.1473; 1677.1949; 
3.4000; 3.4000; 418.6519; 1723.8451; 
3.4000; 3.5000; 422.0291; 1770.4446; 
3.4000; 3.6000; 425.4749; 1816.5424; 
3.4000; 3.7000; 428.6981; 1862.8213; 
3.4000; 3.8000; 431.9996; 1908.6584; 
3.4000; 3.9000; 435.0283; 1954.7285; 
3.5000; 0.1000; 327.1068; 157.2033; 
3.5000; 0.2000; 327.3919; 202.2494; 
3.5000; 0.3000; 327.4977; 247.4007; 
3.5000; 0.4000; 327.8954; 293.0183; 
3.5000; 0.5000; 327.9400; 338.4356; 
3.5000; 0.6000; 327.9374; 384.0921; 
3.5000; 0.7000; 327.7120; 429.8158; 
3.5000; 0.8000; 327.3786; 475.7747; 
3.5000; 0.9000; 327.1536; 522.0164; 
3.5000; 1.0000; 327.3627; 568.9297; 
3.5000; 1.1000; 327.8332; 616.1271; 
3.5000; 1.2000; 328.1414; 663.4283; 
3.5000; 1.3000; 328.2674; 710.9210; 
3.5000; 1.4000; 328.2776; 758.5908; 
3.5000; 1.5000; 328.8584; 806.6892; 
3.5000; 1.6000; 329.4308; 854.9985; 
3.5000; 1.7000; 330.6488; 903.5654; 
3.5000; 1.8000; 331.7676; 952.2372; 
3.5000; 1.9000; 333.3871; 1001.0680; 
3.5000; 2.0000; 335.0515; 1049.9655; 
3.5000; 2.1000; 336.6076; 1098.8270; 
3.5000; 2.2000; 338.8447; 1147.7224; 
3.5000; 2.3000; 341.0280; 1196.5767; 
3.5000; 2.4000; 343.1848; 1245.3713; 
3.5000; 2.5000; 345.3326; 1294.1263; 
3.5000; 2.6000; 347.9712; 1342.7620; 
3.5000; 2.7000; 350.5716; 1391.1123; 
3.5000; 2.8000; 353.2738; 1439.4547; 
3.5000; 2.9000; 356.0714; 1487.5557; 
3.5000; 3.0000; 358.8959; 1535.4569; 
3.5000; 3.1000; 362.0962; 1583.0065; 
3.5000; 3.2000; 365.2751; 1630.2606; 
3.5000; 3.3000; 368.9467; 1677.0261; 
3.5000; 3.4000; 372.4286; 1723.6213; 
3.5000; 3.5000; 375.8853; 1770.0759; 
3.5000; 3.6000; 379.2378; 1816.2816; 
3.5000; 3.7000; 382.5394; 1862.3658; 
3.5000; 3.8000; 385.6327; 1908.5576; 
3.5000; 3.9000; 388.5839; 1954.7266; 
3.6000; 0.1000; 281.4048; 160.3688; 
3.6000; 0.2000; 281.7999; 205.6178; 
3.6000; 0.3000; 281.9533; 250.8541; 
3.6000; 0.4000; 282.2453; 296.3634; 
3.6000; 0.5000; 282.3057; 341.8721; 
3.6000; 0.6000; 282.3072; 387.5372; 
3.6000; 0.7000; 282.0469; 433.2349; 
3.6000; 0.8000; 281.7842; 479.1374; 
3.6000; 0.9000; 281.8015; 525.6111; 
3.6000; 1.0000; 281.9969; 572.3273; 
3.6000; 1.1000; 282.4668; 619.5258; 
3.6000; 1.2000; 282.6655; 666.7010; 
3.6000; 1.3000; 282.6888; 713.9491; 
3.6000; 1.4000; 282.8816; 761.5647; 
3.6000; 1.5000; 283.0605; 809.3469; 
3.6000; 1.6000; 283.7083; 857.5365; 
3.6000; 1.7000; 284.8489; 905.9535; 
3.6000; 1.8000; 286.3601; 954.4709; 
3.6000; 1.9000; 287.8717; 1003.1305; 
3.6000; 2.0000; 289.4311; 1051.7985; 
3.6000; 2.1000; 290.8421; 1100.4653; 
3.6000; 2.2000; 293.0217; 1149.1771; 
3.6000; 2.3000; 295.2290; 1197.7784; 
3.6000; 2.4000; 297.3333; 1246.3851; 
3.6000; 2.5000; 299.5980; 1294.9587; 
3.6000; 2.6000; 302.0787; 1343.3749; 
3.6000; 2.7000; 304.8713; 1391.6176; 
3.6000; 2.8000; 307.5794; 1439.7491; 
3.6000; 2.9000; 310.3643; 1487.6666; 
3.6000; 3.0000; 313.1456; 1535.5160; 
3.6000; 3.1000; 316.1591; 1583.0112; 
3.6000; 3.2000; 319.6046; 1629.9999; 
3.6000; 3.3000; 323.0940; 1676.8013; 
3.6000; 3.4000; 326.7393; 1723.2449; 
3.6000; 3.5000; 330.0555; 1769.7775; 
3.6000; 3.6000; 333.4526; 1815.9038; 
3.6000; 3.7000; 336.5814; 1862.1616; 
3.6000; 3.8000; 339.3577; 1908.6549; 
3.6000; 3.9000; 342.2591; 1954.8180; 
3.7000; 0.1000; 235.6128; 163.2583; 
3.7000; 0.2000; 236.2294; 208.8236; 
3.7000; 0.3000; 236.5610; 254.2231; 
3.7000; 0.4000; 236.9310; 299.8687; 
3.7000; 0.5000; 237.0513; 345.3511; 
3.7000; 0.6000; 237.0325; 391.0349; 
3.7000; 0.7000; 236.8461; 436.7981; 
3.7000; 0.8000; 236.5884; 482.6829; 
3.7000; 0.9000; 236.4366; 528.9774; 
3.7000; 1.0000; 236.9024; 575.8228; 
3.7000; 1.1000; 237.4076; 622.8913; 
3.7000; 1.2000; 237.6242; 669.9557; 
3.7000; 1.3000; 237.5750; 717.0390; 
3.7000; 1.4000; 237.6222; 764.4671; 
3.7000; 1.5000; 237.9153; 812.1285; 
3.7000; 1.6000; 238.5863; 860.1719; 
3.7000; 1.7000; 239.8644; 908.3865; 
3.7000; 1.8000; 241.0981; 956.7510; 
3.7000; 1.9000; 242.6105; 1005.1223; 
3.7000; 2.0000; 244.2206; 1053.6143; 
3.7000; 2.1000; 245.2792; 1102.0439; 
3.7000; 2.2000; 247.8531; 1150.5560; 
3.7000; 2.3000; 249.8618; 1198.9644; 
3.7000; 2.4000; 251.8673; 1247.4608; 
3.7000; 2.5000; 254.0036; 1295.8685; 
3.7000; 2.6000; 256.7302; 1344.0192; 
3.7000; 2.7000; 259.3752; 1392.0857; 
3.7000; 2.8000; 262.1852; 1440.0051; 
3.7000; 2.9000; 265.0897; 1487.7816; 
3.7000; 3.0000; 267.6260; 1535.5271; 
3.7000; 3.1000; 270.7699; 1582.8966; 
3.7000; 3.2000; 274.2865; 1629.6906; 
3.7000; 3.3000; 277.7900; 1676.3480; 
3.7000; 3.4000; 281.2097; 1722.8881; 
3.7000; 3.5000; 284.6218; 1769.2756; 
3.7000; 3.6000; 287.7767; 1815.6654; 
3.7000; 3.7000; 290.6758; 1862.0791; 
3.7000; 3.8000; 293.4134; 1908.5742; 
3.7000; 3.9000; 296.2934; 1954.7800; 
3.8000; 0.1000; 189.8347; 166.0610; 
3.8000; 0.2000; 190.7227; 211.8964; 
3.8000; 0.3000; 191.3299; 257.6082; 
3.8000; 0.4000; 191.6970; 303.1519; 
3.8000; 0.5000; 191.9577; 348.8853; 
3.8000; 0.6000; 192.0392; 394.5754; 
3.8000; 0.7000; 191.9374; 440.3203; 
3.8000; 0.8000; 191.6434; 486.1631; 
3.8000; 0.9000; 191.5908; 532.4460; 
3.8000; 1.0000; 191.9233; 579.1148; 
3.8000; 1.1000; 192.5034; 626.1345; 
3.8000; 1.2000; 192.8154; 673.0801; 
3.8000; 1.3000; 192.7272; 720.0686; 
3.8000; 1.4000; 193.0089; 767.3919; 
3.8000; 1.5000; 193.2876; 815.0077; 
3.8000; 1.6000; 193.9530; 862.7794; 
3.8000; 1.7000; 194.8558; 910.7862; 
3.8000; 1.8000; 196.4124; 958.9161; 
3.8000; 1.9000; 197.8523; 1007.1388; 
3.8000; 2.0000; 199.3428; 1055.3655; 
3.8000; 2.1000; 200.2694; 1103.6903; 
3.8000; 2.2000; 202.5850; 1151.9564; 
3.8000; 2.3000; 204.8356; 1200.1836; 
3.8000; 2.4000; 206.8622; 1248.4244; 
3.8000; 2.5000; 209.1224; 1296.6869; 
3.8000; 2.6000; 211.4824; 1344.7133; 
3.8000; 2.7000; 214.3605; 1392.5914; 
3.8000; 2.8000; 217.0506; 1440.3031; 
3.8000; 2.9000; 220.0069; 1487.9235; 
3.8000; 3.0000; 222.4227; 1535.5536; 
3.8000; 3.1000; 225.7833; 1582.6942; 
3.8000; 3.2000; 229.4190; 1629.2771; 
3.8000; 3.3000; 232.8595; 1675.9556; 
3.8000; 3.4000; 236.1840; 1722.4333; 
3.8000; 3.5000; 239.1750; 1769.0688; 
3.8000; 3.6000; 242.2371; 1815.5344; 
3.8000; 3.7000; 244.9509; 1862.0336; 
3.8000; 3.8000; 247.7238; 1908.3982; 
3.8000; 3.9000; 250.4659; 1954.7861; 
3.9000; 0.1000; 144.1067; 168.8924; 
3.9000; 0.2000; 145.2103; 214.9108; 
3.9000; 0.3000; 146.0749; 260.7798; 
3.9000; 0.4000; 146.6667; 306.5897; 
3.9000; 0.5000; 146.9901; 352.2525; 
3.9000; 0.6000; 147.3069; 398.0989; 
3.9000; 0.7000; 147.2891; 443.9069; 
3.9000; 0.8000; 147.1215; 489.7687; 
3.9000; 0.9000; 147.0017; 535.8818; 
3.9000; 1.0000; 147.3731; 582.4951; 
3.9000; 1.1000; 147.6592; 629.2313; 
3.9000; 1.2000; 148.1428; 676.1575; 
3.9000; 1.3000; 148.3009; 723.1133; 
3.9000; 1.4000; 148.5217; 770.3477; 
3.9000; 1.5000; 148.9092; 817.7596; 
3.9000; 1.6000; 149.5710; 865.3575; 
3.9000; 1.7000; 150.6593; 913.1675; 
3.9000; 1.8000; 151.6490; 961.1105; 
3.9000; 1.9000; 153.2256; 1009.1116; 
3.9000; 2.0000; 154.6599; 1057.1783; 
3.9000; 2.1000; 155.6370; 1105.2671; 
3.9000; 2.2000; 158.1696; 1153.3308; 
3.9000; 2.3000; 160.1574; 1201.3602; 
3.9000; 2.4000; 162.0531; 1249.4617; 
3.9000; 2.5000; 164.1995; 1297.5414; 
3.9000; 2.6000; 166.7251; 1345.4276; 
3.9000; 2.7000; 169.3816; 1393.0953; 
3.9000; 2.8000; 172.2279; 1440.7085; 
3.9000; 2.9000; 175.0999; 1488.1184; 
3.9000; 3.0000; 177.8838; 1535.4454; 
3.9000; 3.1000; 181.1523; 1582.4269; 
3.9000; 3.2000; 184.7345; 1629.0621; 
3.9000; 3.3000; 187.9962; 1675.7068; 
3.9000; 3.4000; 191.0145; 1722.2567; 
3.9000; 3.5000; 193.9726; 1768.9104; 
3.9000; 3.6000; 196.7561; 1815.4575; 
3.9000; 3.7000; 199.3547; 1862.0514; 
3.9000; 3.8000; 202.0371; 1908.5490; 
3.9000; 3.9000; 204.7512; 1954.8711; 
4.0000; 0.1000; 98.4443; 171.7053; 
4.0000; 0.2000; 99.7273; 217.7538; 
4.0000; 0.3000; 100.7341; 263.7604; 
4.0000; 0.4000; 101.5785; 309.7227; 
4.0000; 0.5000; 102.2633; 355.6794; 
4.0000; 0.6000; 102.6975; 401.5189; 
4.0000; 0.7000; 102.7907; 447.3261; 
4.0000; 0.8000; 102.7731; 493.1971; 
4.0000; 0.9000; 102.6463; 539.3459; 
4.0000; 1.0000; 102.8305; 585.7359; 
4.0000; 1.1000; 103.2427; 632.3798; 
4.0000; 1.2000; 103.6776; 679.2059; 
4.0000; 1.3000; 104.0113; 726.1251; 
4.0000; 1.4000; 104.3922; 773.1741; 
4.0000; 1.5000; 104.9047; 820.4928; 
4.0000; 1.6000; 105.5221; 867.9617; 
4.0000; 1.7000; 106.4697; 915.5920; 
4.0000; 1.8000; 107.5245; 963.2335; 
4.0000; 1.9000; 108.8928; 1011.0837; 
4.0000; 2.0000; 110.1195; 1058.9742; 
4.0000; 2.1000; 111.3013; 1106.8702; 
4.0000; 2.2000; 113.8948; 1154.7339; 
4.0000; 2.3000; 115.9149; 1202.6033; 
4.0000; 2.4000; 117.8660; 1250.4950; 
4.0000; 2.5000; 119.8532; 1298.3420; 
4.0000; 2.6000; 122.0403; 1346.0875; 
4.0000; 2.7000; 124.8484; 1393.6998; 
4.0000; 2.8000; 127.5749; 1441.1128; 
4.0000; 2.9000; 130.3090; 1488.5165; 
4.0000; 3.0000; 133.2685; 1535.6227; 
4.0000; 3.1000; 136.6851; 1582.4277; 
4.0000; 3.2000; 139.7985; 1629.1383; 
4.0000; 3.3000; 142.8709; 1675.8385; 
4.0000; 3.4000; 145.7512; 1722.4232; 
4.0000; 3.5000; 148.5007; 1769.1069; 
4.0000; 3.6000; 151.1502; 1815.7723; 
4.0000; 3.7000; 153.7811; 1862.2847; 
4.0000; 3.8000; 156.3408; 1908.7856; 
4.0000; 3.9000; 158.8074; 1955.3529; 
4.1000; 0.1000; 52.6235; 174.0907; 
4.1000; 0.2000; 54.0157; 220.3008; 
4.1000; 0.3000; 55.2088; 266.4170; 
4.1000; 0.4000; 56.2695; 312.6427; 
4.1000; 0.5000; 57.2491; 358.7239; 
4.1000; 0.6000; 57.9720; 404.7664; 
4.1000; 0.7000; 58.3529; 450.7031; 
4.1000; 0.8000; 58.5006; 496.5988; 
4.1000; 0.9000; 58.3113; 542.5736; 
4.1000; 1.0000; 58.5191; 588.8889; 
4.1000; 1.1000; 59.0526; 635.5372; 
4.1000; 1.2000; 59.4365; 682.2076; 
4.1000; 1.3000; 59.9599; 728.9973; 
4.1000; 1.4000; 60.3325; 776.0392; 
4.1000; 1.5000; 60.8879; 823.1479; 
4.1000; 1.6000; 61.6191; 870.4395; 
4.1000; 1.7000; 62.4093; 917.8751; 
4.1000; 1.8000; 63.4164; 965.3930; 
4.1000; 1.9000; 64.5080; 1013.0248; 
4.1000; 2.0000; 65.9175; 1060.7445; 
4.1000; 2.1000; 67.4791; 1108.4469; 
4.1000; 2.2000; 69.5751; 1156.1844; 
4.1000; 2.3000; 71.5792; 1203.8269; 
4.1000; 2.4000; 73.7644; 1251.5541; 
4.1000; 2.5000; 75.7325; 1299.1893; 
4.1000; 2.6000; 77.9441; 1346.8430; 
4.1000; 2.7000; 80.3869; 1394.2682; 
4.1000; 2.8000; 83.1140; 1441.6538; 
4.1000; 2.9000; 85.8824; 1488.8370; 
4.1000; 3.0000; 88.8353; 1535.8331; 
4.1000; 3.1000; 91.8808; 1582.6798; 
4.1000; 3.2000; 94.7773; 1629.4524; 
4.1000; 3.3000; 97.5954; 1676.1624; 
4.1000; 3.4000; 100.3217; 1722.8710; 
4.1000; 3.5000; 103.0102; 1769.5815; 
4.1000; 3.6000; 105.5305; 1816.2141; 
4.1000; 3.7000; 108.0864; 1862.7537; 
4.1000; 3.8000; 110.4837; 1909.4004; 
4.1000; 3.9000; 112.5238; 1956.2649; 
4.2000; 0.1000; 6.3022; 176.0385; 
4.2000; 0.2000; 7.9860; 222.5821; 
4.2000; 0.3000; 9.6573; 269.0087; 
4.2000; 0.4000; 10.9133; 315.2556; 
4.2000; 0.5000; 12.0881; 361.5351; 
4.2000; 0.6000; 12.9676; 407.6822; 
4.2000; 0.7000; 13.6648; 453.7435; 
4.2000; 0.8000; 13.9743; 499.6671; 
4.2000; 0.9000; 13.9667; 545.6920; 
4.2000; 1.0000; 14.2752; 591.9746; 
4.2000; 1.1000; 14.9756; 638.5835; 
4.2000; 1.2000; 15.3278; 685.1115; 
4.2000; 1.3000; 15.8317; 731.8312; 
4.2000; 1.4000; 16.4074; 778.7479; 
4.2000; 1.5000; 17.0410; 825.7574; 
4.2000; 1.6000; 17.7191; 872.8917; 
4.2000; 1.7000; 18.4608; 920.1351; 
4.2000; 1.8000; 19.3266; 967.4373; 
4.2000; 1.9000; 20.5021; 1014.9786; 
4.2000; 2.0000; 21.8930; 1062.5339; 
4.2000; 2.1000; 23.6212; 1110.0627; 
4.2000; 2.2000; 25.4766; 1157.6443; 
4.2000; 2.3000; 27.5379; 1205.1018; 
4.2000; 2.4000; 29.6542; 1252.6429; 
4.2000; 2.5000; 31.7370; 1300.1239; 
4.2000; 2.6000; 33.8901; 1347.6091; 
4.2000; 2.7000; 36.2457; 1394.9497; 
4.2000; 2.8000; 38.8382; 1442.1414; 
4.2000; 2.9000; 41.5263; 1489.2209; 
4.2000; 3.0000; 44.3882; 1536.1353; 
4.2000; 3.1000; 47.0937; 1583.0505; 
4.2000; 3.2000; 49.6546; 1629.9569; 
4.2000; 3.3000; 52.1440; 1676.8103; 
4.2000; 3.4000; 54.8071; 1723.4457; 
4.2000; 3.5000; 57.2790; 1770.2209; 
4.2000; 3.6000; 59.8377; 1816.8682; 
4.2000; 3.7000; 62.1404; 1863.5966; 
4.2000; 3.8000; 64.1463; 1910.4805; 
4.2000; 3.9000; 65.9312; 1957.6698; 
